2026-10-05 18:46:34,062 | ======================================================================
2026-10-05 18:46:34,062 | Run: v3_bs1 | device: cuda
2026-10-05 18:46:34,063 | GPU: NVIDIA GeForce RTX 4090
2026-10-05 18:46:34,063 | Config: {"run_name": "v3_bs1", "seed": 42, "dataset_root": "/app/DATA266-Lab1-Pair45/task3_GAN/dataset/split_data", "output_dir": "runs", "image_size": 256, "batch_size": 1, "num_workers": 4, "epochs": 150, "decay_start_epoch": 50, "lr_G": 0.0002, "lr_D": 0.0002, "beta1": 0.5, "beta2": 0.999, "lambda_cycle": 10.0, "lambda_identity": 5.0, "pool_size": 50, "eval_every": 5, "eval_num_photos": 500, "eval_batch_size": 50, "sample_every": 10, "save_every": 10, "log_every": 500}
2026-10-05 18:46:46,436 | Local FID data: 500 photos, 300 real Monet images
2026-10-05 18:46:58,133 | Training batches per epoch: 5630
2026-10-05 18:46:58,133 | Photo value range in first batch: -1.000 to 0.992
2026-10-05 18:46:58,348 | Parameters | G_AB: 11,378,179 | G_BA: 11,378,179 | D_A: 2,764,737 | D_B: 2,764,737
2026-10-05 18:46:58,352 | Training started.
2026-10-05 18:47:33,201 | Epoch [1/150] Step [1/5630] | G: 23.9768 | D_A: 1.8554 | D_B: 2.0696 | Cycle: 1.2757 | Identity: 1.2533
2026-10-05 18:48:11,223 | Epoch [1/150] Step [500/5630] | G: 6.2356 | D_A: 0.1921 | D_B: 0.3597 | Cycle: 0.3593 | Identity: 0.3388
2026-10-05 18:48:47,430 | Epoch [1/150] Step [1000/5630] | G: 6.7802 | D_A: 0.2304 | D_B: 0.3504 | Cycle: 0.4155 | Identity: 0.3413
2026-10-05 18:49:23,771 | Epoch [1/150] Step [1500/5630] | G: 7.2631 | D_A: 0.4018 | D_B: 0.3956 | Cycle: 0.4385 | Identity: 0.4428
2026-10-05 18:50:00,641 | Epoch [1/150] Step [2000/5630] | G: 10.4309 | D_A: 0.1585 | D_B: 0.2394 | Cycle: 0.6491 | Identity: 0.6039
2026-10-05 18:50:36,923 | Epoch [1/150] Step [2500/5630] | G: 6.9219 | D_A: 0.2941 | D_B: 0.2608 | Cycle: 0.4136 | Identity: 0.3828
2026-10-05 18:51:13,504 | Epoch [1/150] Step [3000/5630] | G: 7.4540 | D_A: 0.1086 | D_B: 0.1835 | Cycle: 0.4468 | Identity: 0.4103
2026-10-05 18:51:50,992 | Epoch [1/150] Step [3500/5630] | G: 8.1465 | D_A: 0.1306 | D_B: 0.1492 | Cycle: 0.5363 | Identity: 0.4239
2026-10-05 18:52:27,192 | Epoch [1/150] Step [4000/5630] | G: 7.5852 | D_A: 0.1932 | D_B: 0.2909 | Cycle: 0.4629 | Identity: 0.3888
2026-10-05 18:53:03,264 | Epoch [1/150] Step [4500/5630] | G: 8.1857 | D_A: 0.4532 | D_B: 0.6033 | Cycle: 0.4992 | Identity: 0.4925
2026-10-05 18:53:39,632 | Epoch [1/150] Step [5000/5630] | G: 5.8260 | D_A: 0.2213 | D_B: 0.2538 | Cycle: 0.3569 | Identity: 0.2752
2026-10-05 18:54:15,648 | Epoch [1/150] Step [5500/5630] | G: 7.2094 | D_A: 0.3103 | D_B: 0.0685 | Cycle: 0.4327 | Identity: 0.4297
2026-10-05 18:54:25,034 | Epoch [1/150] done in 7.44 min | G: 7.5600 | D_A: 0.2491 | D_B: 0.2371 | Cycle: 0.4591 | Identity: 0.4214 | lr_G: 0.0002000
2026-10-05 18:54:37,533 | Epoch [1/150] local FID: 225.8906
2026-10-05 18:54:37,864 | New best FID 225.8906, saved best_fid.pth
2026-10-05 18:54:41,234 | Epoch [2/150] Step [1/5630] | G: 5.8745 | D_A: 0.1579 | D_B: 0.0266 | Cycle: 0.3623 | Identity: 0.3425
2026-10-05 18:55:18,154 | Epoch [2/150] Step [500/5630] | G: 5.9375 | D_A: 0.2382 | D_B: 0.1441 | Cycle: 0.3325 | Identity: 0.3116
2026-10-05 18:55:54,224 | Epoch [2/150] Step [1000/5630] | G: 11.6684 | D_A: 0.0552 | D_B: 0.2331 | Cycle: 0.7021 | Identity: 0.6855
2026-10-05 18:56:31,055 | Epoch [2/150] Step [1500/5630] | G: 7.5850 | D_A: 0.1018 | D_B: 0.0720 | Cycle: 0.4222 | Identity: 0.4730
2026-10-05 18:57:07,509 | Epoch [2/150] Step [2000/5630] | G: 4.0562 | D_A: 0.5169 | D_B: 0.4699 | Cycle: 0.2670 | Identity: 0.2342
2026-10-05 18:57:43,928 | Epoch [2/150] Step [2500/5630] | G: 6.5876 | D_A: 0.2818 | D_B: 0.0604 | Cycle: 0.4139 | Identity: 0.3540
2026-10-05 18:58:20,048 | Epoch [2/150] Step [3000/5630] | G: 5.9782 | D_A: 0.0868 | D_B: 0.1691 | Cycle: 0.3492 | Identity: 0.2671
2026-10-05 18:58:56,251 | Epoch [2/150] Step [3500/5630] | G: 5.6072 | D_A: 0.2091 | D_B: 0.1352 | Cycle: 0.3163 | Identity: 0.3022
2026-10-05 18:59:32,666 | Epoch [2/150] Step [4000/5630] | G: 5.4417 | D_A: 0.1585 | D_B: 0.1334 | Cycle: 0.3017 | Identity: 0.2359
2026-10-05 19:00:09,440 | Epoch [2/150] Step [4500/5630] | G: 5.0992 | D_A: 0.1361 | D_B: 0.3278 | Cycle: 0.3104 | Identity: 0.2674
2026-10-05 19:00:45,977 | Epoch [2/150] Step [5000/5630] | G: 4.1296 | D_A: 0.1492 | D_B: 0.1595 | Cycle: 0.2155 | Identity: 0.2034
2026-10-05 19:01:22,169 | Epoch [2/150] Step [5500/5630] | G: 7.3849 | D_A: 0.5802 | D_B: 0.1214 | Cycle: 0.3687 | Identity: 0.3731
2026-10-05 19:01:31,618 | Epoch [2/150] done in 6.85 min | G: 6.0555 | D_A: 0.2176 | D_B: 0.2097 | Cycle: 0.3551 | Identity: 0.3278 | lr_G: 0.0002000
2026-10-05 19:01:33,088 | Epoch [3/150] Step [1/5630] | G: 7.2731 | D_A: 0.1278 | D_B: 0.5786 | Cycle: 0.4714 | Identity: 0.3911
2026-10-05 19:02:09,330 | Epoch [3/150] Step [500/5630] | G: 5.2462 | D_A: 0.1515 | D_B: 0.3158 | Cycle: 0.3499 | Identity: 0.3040
2026-10-05 19:02:45,807 | Epoch [3/150] Step [1000/5630] | G: 4.4792 | D_A: 0.1191 | D_B: 0.0625 | Cycle: 0.2367 | Identity: 0.2380
2026-10-05 19:03:22,005 | Epoch [3/150] Step [1500/5630] | G: 4.9757 | D_A: 0.1313 | D_B: 0.1512 | Cycle: 0.2965 | Identity: 0.3146
2026-10-05 19:03:59,003 | Epoch [3/150] Step [2000/5630] | G: 5.0353 | D_A: 0.3388 | D_B: 0.2371 | Cycle: 0.2504 | Identity: 0.3069
2026-10-05 19:04:35,136 | Epoch [3/150] Step [2500/5630] | G: 5.5496 | D_A: 0.1497 | D_B: 0.1770 | Cycle: 0.3392 | Identity: 0.2958
2026-10-05 19:05:11,371 | Epoch [3/150] Step [3000/5630] | G: 5.5732 | D_A: 0.2050 | D_B: 0.3940 | Cycle: 0.2846 | Identity: 0.2429
2026-10-05 19:05:49,460 | Epoch [3/150] Step [3500/5630] | G: 6.9470 | D_A: 0.1750 | D_B: 0.3545 | Cycle: 0.4733 | Identity: 0.3686
2026-10-05 19:06:25,882 | Epoch [3/150] Step [4000/5630] | G: 6.2945 | D_A: 0.4595 | D_B: 0.2619 | Cycle: 0.4245 | Identity: 0.3624
2026-10-05 19:07:02,010 | Epoch [3/150] Step [4500/5630] | G: 6.8322 | D_A: 0.2570 | D_B: 0.0936 | Cycle: 0.4207 | Identity: 0.2936
2026-10-05 19:07:38,215 | Epoch [3/150] Step [5000/5630] | G: 3.7508 | D_A: 0.3031 | D_B: 0.3532 | Cycle: 0.1984 | Identity: 0.2171
2026-10-05 19:08:14,705 | Epoch [3/150] Step [5500/5630] | G: 4.2665 | D_A: 0.2487 | D_B: 0.2370 | Cycle: 0.2191 | Identity: 0.1762
2026-10-05 19:08:24,151 | Epoch [3/150] done in 6.85 min | G: 5.4049 | D_A: 0.2101 | D_B: 0.2041 | Cycle: 0.3094 | Identity: 0.2875 | lr_G: 0.0002000
2026-10-05 19:08:25,923 | Epoch [4/150] Step [1/5630] | G: 4.1607 | D_A: 0.1361 | D_B: 0.5213 | Cycle: 0.2534 | Identity: 0.2435
2026-10-05 19:09:02,020 | Epoch [4/150] Step [500/5630] | G: 6.5084 | D_A: 0.0697 | D_B: 0.1819 | Cycle: 0.3990 | Identity: 0.2837
2026-10-05 19:09:38,089 | Epoch [4/150] Step [1000/5630] | G: 6.4448 | D_A: 0.1294 | D_B: 0.4418 | Cycle: 0.3531 | Identity: 0.3113
2026-10-05 19:10:15,989 | Epoch [4/150] Step [1500/5630] | G: 5.8926 | D_A: 0.4210 | D_B: 0.0875 | Cycle: 0.3347 | Identity: 0.2620
2026-10-05 19:10:56,539 | Epoch [4/150] Step [2000/5630] | G: 4.1138 | D_A: 0.3974 | D_B: 0.1757 | Cycle: 0.2698 | Identity: 0.2494
2026-10-05 19:11:34,252 | Epoch [4/150] Step [2500/5630] | G: 3.9055 | D_A: 0.1742 | D_B: 0.1469 | Cycle: 0.2304 | Identity: 0.2104
2026-10-05 19:12:10,421 | Epoch [4/150] Step [3000/5630] | G: 3.9957 | D_A: 0.1075 | D_B: 0.1568 | Cycle: 0.2110 | Identity: 0.2050
2026-10-05 19:12:46,838 | Epoch [4/150] Step [3500/5630] | G: 6.1702 | D_A: 0.0802 | D_B: 0.3065 | Cycle: 0.4065 | Identity: 0.2510
2026-10-05 19:13:23,132 | Epoch [4/150] Step [4000/5630] | G: 5.2132 | D_A: 0.0491 | D_B: 0.1799 | Cycle: 0.2972 | Identity: 0.2479
2026-10-05 19:13:59,373 | Epoch [4/150] Step [4500/5630] | G: 4.8833 | D_A: 0.4120 | D_B: 0.0270 | Cycle: 0.3113 | Identity: 0.2772
2026-10-05 19:14:35,528 | Epoch [4/150] Step [5000/5630] | G: 4.6906 | D_A: 0.0571 | D_B: 0.1697 | Cycle: 0.2790 | Identity: 0.2644
2026-10-05 19:15:11,688 | Epoch [4/150] Step [5500/5630] | G: 3.5752 | D_A: 0.2772 | D_B: 0.2533 | Cycle: 0.2179 | Identity: 0.1985
2026-10-05 19:15:21,112 | Epoch [4/150] done in 6.92 min | G: 5.0711 | D_A: 0.2008 | D_B: 0.1973 | Cycle: 0.2840 | Identity: 0.2666 | lr_G: 0.0002000
2026-10-05 19:15:22,711 | Epoch [5/150] Step [1/5630] | G: 5.2913 | D_A: 0.1453 | D_B: 0.1708 | Cycle: 0.2872 | Identity: 0.2579
2026-10-05 19:15:58,967 | Epoch [5/150] Step [500/5630] | G: 4.0291 | D_A: 0.1897 | D_B: 0.1006 | Cycle: 0.2097 | Identity: 0.1851
2026-10-05 19:16:35,753 | Epoch [5/150] Step [1000/5630] | G: 5.0599 | D_A: 0.2235 | D_B: 0.3481 | Cycle: 0.3189 | Identity: 0.2382
2026-10-05 19:17:12,111 | Epoch [5/150] Step [1500/5630] | G: 3.5857 | D_A: 0.0611 | D_B: 0.1107 | Cycle: 0.1828 | Identity: 0.1513
2026-10-05 19:17:48,352 | Epoch [5/150] Step [2000/5630] | G: 5.9127 | D_A: 0.1536 | D_B: 0.1242 | Cycle: 0.3033 | Identity: 0.3670
2026-10-05 19:18:24,539 | Epoch [5/150] Step [2500/5630] | G: 4.9613 | D_A: 0.0673 | D_B: 0.0656 | Cycle: 0.2752 | Identity: 0.2504
2026-10-05 19:19:00,768 | Epoch [5/150] Step [3000/5630] | G: 4.4336 | D_A: 0.1268 | D_B: 0.3580 | Cycle: 0.2499 | Identity: 0.2165
2026-10-05 19:19:36,988 | Epoch [5/150] Step [3500/5630] | G: 5.1886 | D_A: 0.0713 | D_B: 0.1786 | Cycle: 0.2990 | Identity: 0.2188
2026-10-05 19:20:13,424 | Epoch [5/150] Step [4000/5630] | G: 6.0377 | D_A: 0.1024 | D_B: 0.1720 | Cycle: 0.2963 | Identity: 0.2213
2026-10-05 19:20:49,724 | Epoch [5/150] Step [4500/5630] | G: 6.0097 | D_A: 0.4780 | D_B: 0.1976 | Cycle: 0.3401 | Identity: 0.3509
2026-10-05 19:21:25,833 | Epoch [5/150] Step [5000/5630] | G: 3.2554 | D_A: 0.2721 | D_B: 0.1918 | Cycle: 0.1790 | Identity: 0.1731
2026-10-05 19:22:03,777 | Epoch [5/150] Step [5500/5630] | G: 3.7085 | D_A: 0.1738 | D_B: 0.1103 | Cycle: 0.2129 | Identity: 0.2122
2026-10-05 19:22:13,570 | Epoch [5/150] done in 6.85 min | G: 4.8367 | D_A: 0.1887 | D_B: 0.1940 | Cycle: 0.2678 | Identity: 0.2512 | lr_G: 0.0002000
2026-10-05 19:22:17,170 | Epoch [5/150] local FID: 133.6529
2026-10-05 19:22:17,701 | New best FID 133.6529, saved best_fid.pth
2026-10-05 19:22:20,120 | Epoch [6/150] Step [1/5630] | G: 5.3796 | D_A: 0.1825 | D_B: 0.0662 | Cycle: 0.3197 | Identity: 0.2615
2026-10-05 19:22:56,699 | Epoch [6/150] Step [500/5630] | G: 4.3237 | D_A: 0.4291 | D_B: 0.1008 | Cycle: 0.2743 | Identity: 0.2156
2026-10-05 19:23:32,847 | Epoch [6/150] Step [1000/5630] | G: 4.3879 | D_A: 0.1612 | D_B: 0.4347 | Cycle: 0.2753 | Identity: 0.2634
2026-10-05 19:24:09,246 | Epoch [6/150] Step [1500/5630] | G: 5.0906 | D_A: 0.0901 | D_B: 0.2353 | Cycle: 0.2633 | Identity: 0.2460
2026-10-05 19:24:45,651 | Epoch [6/150] Step [2000/5630] | G: 4.3221 | D_A: 0.3972 | D_B: 1.0028 | Cycle: 0.2331 | Identity: 0.2436
2026-10-05 19:25:21,924 | Epoch [6/150] Step [2500/5630] | G: 4.1901 | D_A: 0.1443 | D_B: 0.1418 | Cycle: 0.2163 | Identity: 0.2063
2026-10-05 19:25:58,080 | Epoch [6/150] Step [3000/5630] | G: 5.1777 | D_A: 0.2063 | D_B: 0.1988 | Cycle: 0.2587 | Identity: 0.2821
2026-10-05 19:26:34,549 | Epoch [6/150] Step [3500/5630] | G: 4.3803 | D_A: 0.2222 | D_B: 0.2352 | Cycle: 0.2534 | Identity: 0.2301
2026-10-05 19:27:10,904 | Epoch [6/150] Step [4000/5630] | G: 4.8912 | D_A: 0.2065 | D_B: 0.2235 | Cycle: 0.2987 | Identity: 0.2750
2026-10-05 19:27:47,505 | Epoch [6/150] Step [4500/5630] | G: 5.1328 | D_A: 0.0560 | D_B: 0.1689 | Cycle: 0.2333 | Identity: 0.1884
2026-10-05 19:28:24,070 | Epoch [6/150] Step [5000/5630] | G: 3.9127 | D_A: 0.0965 | D_B: 0.1940 | Cycle: 0.2001 | Identity: 0.1835
2026-10-05 19:29:00,196 | Epoch [6/150] Step [5500/5630] | G: 10.8112 | D_A: 0.1589 | D_B: 0.1133 | Cycle: 0.6264 | Identity: 0.6087
2026-10-05 19:29:09,679 | Epoch [6/150] done in 6.83 min | G: 4.6415 | D_A: 0.1906 | D_B: 0.1816 | Cycle: 0.2550 | Identity: 0.2378 | lr_G: 0.0002000
2026-10-05 19:29:11,254 | Epoch [7/150] Step [1/5630] | G: 5.0146 | D_A: 0.0730 | D_B: 0.1779 | Cycle: 0.2974 | Identity: 0.2412
2026-10-05 19:29:47,503 | Epoch [7/150] Step [500/5630] | G: 5.8228 | D_A: 0.1536 | D_B: 0.1110 | Cycle: 0.3041 | Identity: 0.3471
2026-10-05 19:30:23,614 | Epoch [7/150] Step [1000/5630] | G: 5.3769 | D_A: 0.2600 | D_B: 0.0665 | Cycle: 0.3070 | Identity: 0.1911
2026-10-05 19:30:59,715 | Epoch [7/150] Step [1500/5630] | G: 4.4470 | D_A: 0.1987 | D_B: 0.2941 | Cycle: 0.2008 | Identity: 0.2509
2026-10-05 19:31:35,834 | Epoch [7/150] Step [2000/5630] | G: 4.1241 | D_A: 0.2133 | D_B: 0.1336 | Cycle: 0.2594 | Identity: 0.1820
2026-10-05 19:32:12,159 | Epoch [7/150] Step [2500/5630] | G: 6.6670 | D_A: 0.1302 | D_B: 0.0271 | Cycle: 0.3985 | Identity: 0.2924
2026-10-05 19:32:48,207 | Epoch [7/150] Step [3000/5630] | G: 3.2836 | D_A: 0.1648 | D_B: 0.0826 | Cycle: 0.2027 | Identity: 0.1773
2026-10-05 19:33:24,609 | Epoch [7/150] Step [3500/5630] | G: 3.6673 | D_A: 0.1759 | D_B: 0.1330 | Cycle: 0.1646 | Identity: 0.1785
2026-10-05 19:34:00,761 | Epoch [7/150] Step [4000/5630] | G: 4.3764 | D_A: 0.1397 | D_B: 0.2302 | Cycle: 0.2718 | Identity: 0.2483
2026-10-05 19:34:36,882 | Epoch [7/150] Step [4500/5630] | G: 4.4616 | D_A: 0.2541 | D_B: 0.0583 | Cycle: 0.2250 | Identity: 0.1924
2026-10-05 19:35:13,368 | Epoch [7/150] Step [5000/5630] | G: 3.9342 | D_A: 0.1119 | D_B: 0.2071 | Cycle: 0.2111 | Identity: 0.1803
2026-10-05 19:35:49,478 | Epoch [7/150] Step [5500/5630] | G: 4.5858 | D_A: 0.1737 | D_B: 0.2047 | Cycle: 0.2653 | Identity: 0.2302
2026-10-05 19:35:58,898 | Epoch [7/150] done in 6.80 min | G: 4.5397 | D_A: 0.1795 | D_B: 0.1645 | Cycle: 0.2443 | Identity: 0.2276 | lr_G: 0.0002000
2026-10-05 19:36:00,338 | Epoch [8/150] Step [1/5630] | G: 4.4553 | D_A: 0.1729 | D_B: 0.1930 | Cycle: 0.2521 | Identity: 0.2382
2026-10-05 19:36:36,371 | Epoch [8/150] Step [500/5630] | G: 4.6577 | D_A: 0.1931 | D_B: 0.1021 | Cycle: 0.2240 | Identity: 0.2910
2026-10-05 19:37:12,477 | Epoch [8/150] Step [1000/5630] | G: 4.0173 | D_A: 0.2699 | D_B: 0.1416 | Cycle: 0.2164 | Identity: 0.1794
2026-10-05 19:37:48,994 | Epoch [8/150] Step [1500/5630] | G: 6.3844 | D_A: 0.1256 | D_B: 0.1558 | Cycle: 0.2734 | Identity: 0.3620
2026-10-05 19:38:25,207 | Epoch [8/150] Step [2000/5630] | G: 6.0405 | D_A: 0.1455 | D_B: 0.2509 | Cycle: 0.3675 | Identity: 0.3620
2026-10-05 19:39:01,367 | Epoch [8/150] Step [2500/5630] | G: 3.9979 | D_A: 0.2304 | D_B: 0.1973 | Cycle: 0.2127 | Identity: 0.1996
2026-10-05 19:39:37,659 | Epoch [8/150] Step [3000/5630] | G: 4.3441 | D_A: 0.1858 | D_B: 0.1566 | Cycle: 0.2654 | Identity: 0.2179
2026-10-05 19:40:14,916 | Epoch [8/150] Step [3500/5630] | G: 6.6308 | D_A: 0.1114 | D_B: 0.0835 | Cycle: 0.3983 | Identity: 0.3271
2026-10-05 19:40:52,841 | Epoch [8/150] Step [4000/5630] | G: 5.2200 | D_A: 0.0965 | D_B: 0.1470 | Cycle: 0.2857 | Identity: 0.2490
2026-10-05 19:41:29,058 | Epoch [8/150] Step [4500/5630] | G: 4.1510 | D_A: 0.0984 | D_B: 0.2767 | Cycle: 0.2479 | Identity: 0.1712
2026-10-05 19:42:06,415 | Epoch [8/150] Step [5000/5630] | G: 4.6843 | D_A: 0.2993 | D_B: 0.0773 | Cycle: 0.2152 | Identity: 0.2167
2026-10-05 19:42:42,597 | Epoch [8/150] Step [5500/5630] | G: 4.6398 | D_A: 0.1462 | D_B: 0.0949 | Cycle: 0.2162 | Identity: 0.2326
2026-10-05 19:42:52,171 | Epoch [8/150] done in 6.87 min | G: 4.3899 | D_A: 0.1790 | D_B: 0.1719 | Cycle: 0.2358 | Identity: 0.2190 | lr_G: 0.0002000
2026-10-05 19:42:54,328 | Epoch [9/150] Step [1/5630] | G: 4.0014 | D_A: 0.1890 | D_B: 0.2244 | Cycle: 0.2118 | Identity: 0.1573
2026-10-05 19:43:32,303 | Epoch [9/150] Step [500/5630] | G: 3.6821 | D_A: 0.0516 | D_B: 0.1957 | Cycle: 0.1959 | Identity: 0.1677
2026-10-05 19:44:11,739 | Epoch [9/150] Step [1000/5630] | G: 4.5437 | D_A: 0.3815 | D_B: 0.1047 | Cycle: 0.2051 | Identity: 0.2374
2026-10-05 19:44:48,090 | Epoch [9/150] Step [1500/5630] | G: 4.6837 | D_A: 0.0640 | D_B: 0.3108 | Cycle: 0.2531 | Identity: 0.2273
2026-10-05 19:45:24,364 | Epoch [9/150] Step [2000/5630] | G: 6.1016 | D_A: 0.1286 | D_B: 0.2528 | Cycle: 0.3995 | Identity: 0.3048
2026-10-05 19:46:00,855 | Epoch [9/150] Step [2500/5630] | G: 3.8496 | D_A: 0.1536 | D_B: 0.0806 | Cycle: 0.2237 | Identity: 0.2189
2026-10-05 19:46:37,421 | Epoch [9/150] Step [3000/5630] | G: 3.1316 | D_A: 0.1751 | D_B: 0.1193 | Cycle: 0.1837 | Identity: 0.1595
2026-10-05 19:47:13,584 | Epoch [9/150] Step [3500/5630] | G: 4.3014 | D_A: 0.0373 | D_B: 0.1387 | Cycle: 0.2099 | Identity: 0.1923
2026-10-05 19:47:50,197 | Epoch [9/150] Step [4000/5630] | G: 4.2904 | D_A: 0.2675 | D_B: 0.3573 | Cycle: 0.2459 | Identity: 0.2214
2026-10-05 19:48:26,531 | Epoch [9/150] Step [4500/5630] | G: 4.2265 | D_A: 0.2169 | D_B: 0.0932 | Cycle: 0.1746 | Identity: 0.1845
2026-10-05 19:49:02,639 | Epoch [9/150] Step [5000/5630] | G: 3.6780 | D_A: 0.0922 | D_B: 0.1135 | Cycle: 0.1785 | Identity: 0.1674
2026-10-05 19:49:38,761 | Epoch [9/150] Step [5500/5630] | G: 4.8997 | D_A: 0.1518 | D_B: 0.1060 | Cycle: 0.2554 | Identity: 0.2843
2026-10-05 19:49:48,157 | Epoch [9/150] done in 6.90 min | G: 4.2789 | D_A: 0.1797 | D_B: 0.1645 | Cycle: 0.2286 | Identity: 0.2111 | lr_G: 0.0002000
2026-10-05 19:49:49,859 | Epoch [10/150] Step [1/5630] | G: 3.0355 | D_A: 0.4213 | D_B: 0.1879 | Cycle: 0.1717 | Identity: 0.1313
2026-10-05 19:50:25,948 | Epoch [10/150] Step [500/5630] | G: 4.5385 | D_A: 0.1039 | D_B: 0.1526 | Cycle: 0.2388 | Identity: 0.1718
2026-10-05 19:51:02,217 | Epoch [10/150] Step [1000/5630] | G: 3.0566 | D_A: 0.1412 | D_B: 0.2360 | Cycle: 0.1733 | Identity: 0.1376
2026-10-05 19:51:38,826 | Epoch [10/150] Step [1500/5630] | G: 4.5310 | D_A: 0.1396 | D_B: 0.1547 | Cycle: 0.2253 | Identity: 0.1944
2026-10-05 19:52:14,952 | Epoch [10/150] Step [2000/5630] | G: 3.9025 | D_A: 0.1927 | D_B: 0.2426 | Cycle: 0.2164 | Identity: 0.1955
2026-10-05 19:52:51,394 | Epoch [10/150] Step [2500/5630] | G: 4.2664 | D_A: 0.0700 | D_B: 0.1553 | Cycle: 0.2106 | Identity: 0.2004
2026-10-05 19:53:27,742 | Epoch [10/150] Step [3000/5630] | G: 3.8163 | D_A: 0.2710 | D_B: 0.2416 | Cycle: 0.2117 | Identity: 0.2204
2026-10-05 19:54:04,410 | Epoch [10/150] Step [3500/5630] | G: 5.2856 | D_A: 0.0741 | D_B: 0.1152 | Cycle: 0.3022 | Identity: 0.2699
2026-10-05 19:54:40,664 | Epoch [10/150] Step [4000/5630] | G: 3.4309 | D_A: 0.2253 | D_B: 0.1740 | Cycle: 0.1933 | Identity: 0.1966
2026-10-05 19:55:16,982 | Epoch [10/150] Step [4500/5630] | G: 4.2495 | D_A: 0.1648 | D_B: 0.2176 | Cycle: 0.2070 | Identity: 0.1752
2026-10-05 19:55:53,229 | Epoch [10/150] Step [5000/5630] | G: 3.2101 | D_A: 0.2427 | D_B: 0.1557 | Cycle: 0.1651 | Identity: 0.1468
2026-10-05 19:56:29,464 | Epoch [10/150] Step [5500/5630] | G: 3.1854 | D_A: 0.2736 | D_B: 0.1597 | Cycle: 0.1779 | Identity: 0.1616
2026-10-05 19:56:38,877 | Epoch [10/150] done in 6.82 min | G: 4.2028 | D_A: 0.1768 | D_B: 0.1605 | Cycle: 0.2224 | Identity: 0.2045 | lr_G: 0.0002000
2026-10-05 19:56:42,573 | Epoch [10/150] local FID: 116.3386
2026-10-05 19:56:42,931 | New best FID 116.3386, saved best_fid.pth
2026-10-05 19:56:45,448 | Epoch [11/150] Step [1/5630] | G: 3.4520 | D_A: 0.2550 | D_B: 0.1045 | Cycle: 0.1418 | Identity: 0.1601
2026-10-05 19:57:21,681 | Epoch [11/150] Step [500/5630] | G: 3.5376 | D_A: 0.4100 | D_B: 0.0972 | Cycle: 0.1564 | Identity: 0.1719
2026-10-05 19:57:57,796 | Epoch [11/150] Step [1000/5630] | G: 3.6835 | D_A: 0.1091 | D_B: 0.1812 | Cycle: 0.2314 | Identity: 0.1275
2026-10-05 19:58:34,002 | Epoch [11/150] Step [1500/5630] | G: 3.8890 | D_A: 0.2113 | D_B: 0.1478 | Cycle: 0.2039 | Identity: 0.2015
2026-10-05 19:59:10,162 | Epoch [11/150] Step [2000/5630] | G: 8.1179 | D_A: 0.0271 | D_B: 0.1763 | Cycle: 0.4399 | Identity: 0.4314
2026-10-05 19:59:46,745 | Epoch [11/150] Step [2500/5630] | G: 4.1668 | D_A: 0.3251 | D_B: 0.1424 | Cycle: 0.1951 | Identity: 0.1871
2026-10-05 20:00:22,868 | Epoch [11/150] Step [3000/5630] | G: 3.8930 | D_A: 0.1678 | D_B: 0.0611 | Cycle: 0.1873 | Identity: 0.1707
2026-10-05 20:00:59,056 | Epoch [11/150] Step [3500/5630] | G: 3.1737 | D_A: 0.2930 | D_B: 0.3989 | Cycle: 0.1266 | Identity: 0.1431
2026-10-05 20:01:35,310 | Epoch [11/150] Step [4000/5630] | G: 4.1111 | D_A: 0.3078 | D_B: 0.0719 | Cycle: 0.1790 | Identity: 0.1796
2026-10-05 20:02:11,535 | Epoch [11/150] Step [4500/5630] | G: 3.7128 | D_A: 0.1369 | D_B: 0.1161 | Cycle: 0.1588 | Identity: 0.1547
2026-10-05 20:02:47,905 | Epoch [11/150] Step [5000/5630] | G: 3.5977 | D_A: 0.2132 | D_B: 0.1373 | Cycle: 0.2021 | Identity: 0.1690
2026-10-05 20:03:24,153 | Epoch [11/150] Step [5500/5630] | G: 3.4388 | D_A: 0.1652 | D_B: 0.0916 | Cycle: 0.1642 | Identity: 0.1460
2026-10-05 20:03:33,568 | Epoch [11/150] done in 6.81 min | G: 4.1236 | D_A: 0.1756 | D_B: 0.1602 | Cycle: 0.2167 | Identity: 0.1978 | lr_G: 0.0002000
2026-10-05 20:03:35,075 | Epoch [12/150] Step [1/5630] | G: 3.7305 | D_A: 0.1681 | D_B: 0.2087 | Cycle: 0.2111 | Identity: 0.1937
2026-10-05 20:04:11,050 | Epoch [12/150] Step [500/5630] | G: 3.6700 | D_A: 0.0770 | D_B: 0.0508 | Cycle: 0.1645 | Identity: 0.1474
2026-10-05 20:04:47,201 | Epoch [12/150] Step [1000/5630] | G: 2.9922 | D_A: 0.2603 | D_B: 0.2769 | Cycle: 0.1438 | Identity: 0.1750
2026-10-05 20:05:23,796 | Epoch [12/150] Step [1500/5630] | G: 4.6133 | D_A: 0.1018 | D_B: 0.1090 | Cycle: 0.2008 | Identity: 0.2009
2026-10-05 20:06:00,101 | Epoch [12/150] Step [2000/5630] | G: 2.5011 | D_A: 0.1740 | D_B: 0.1460 | Cycle: 0.1310 | Identity: 0.1162
2026-10-05 20:06:36,303 | Epoch [12/150] Step [2500/5630] | G: 3.5876 | D_A: 0.3516 | D_B: 0.2433 | Cycle: 0.1585 | Identity: 0.1340
2026-10-05 20:07:12,422 | Epoch [12/150] Step [3000/5630] | G: 3.2883 | D_A: 0.1581 | D_B: 0.0800 | Cycle: 0.1549 | Identity: 0.1377
2026-10-05 20:07:48,953 | Epoch [12/150] Step [3500/5630] | G: 4.6638 | D_A: 0.1235 | D_B: 0.1136 | Cycle: 0.2607 | Identity: 0.2391
2026-10-05 20:08:25,336 | Epoch [12/150] Step [4000/5630] | G: 3.2712 | D_A: 0.0889 | D_B: 0.2949 | Cycle: 0.1968 | Identity: 0.1597
2026-10-05 20:09:01,579 | Epoch [12/150] Step [4500/5630] | G: 4.3377 | D_A: 0.2543 | D_B: 0.0977 | Cycle: 0.2442 | Identity: 0.2071
2026-10-05 20:09:37,910 | Epoch [12/150] Step [5000/5630] | G: 3.7573 | D_A: 0.1307 | D_B: 0.2324 | Cycle: 0.2188 | Identity: 0.1861
2026-10-05 20:10:14,470 | Epoch [12/150] Step [5500/5630] | G: 4.6068 | D_A: 0.0418 | D_B: 0.1127 | Cycle: 0.2711 | Identity: 0.1621
2026-10-05 20:10:23,886 | Epoch [12/150] done in 6.82 min | G: 4.0578 | D_A: 0.1747 | D_B: 0.1570 | Cycle: 0.2126 | Identity: 0.1926 | lr_G: 0.0002000
2026-10-05 20:10:25,686 | Epoch [13/150] Step [1/5630] | G: 3.6662 | D_A: 0.0561 | D_B: 0.0859 | Cycle: 0.2049 | Identity: 0.1537
2026-10-05 20:11:02,147 | Epoch [13/150] Step [500/5630] | G: 3.9543 | D_A: 0.1606 | D_B: 0.0736 | Cycle: 0.2085 | Identity: 0.1529
2026-10-05 20:11:38,474 | Epoch [13/150] Step [1000/5630] | G: 3.6473 | D_A: 0.1663 | D_B: 0.1697 | Cycle: 0.1606 | Identity: 0.1332
2026-10-05 20:12:14,571 | Epoch [13/150] Step [1500/5630] | G: 3.8654 | D_A: 0.3010 | D_B: 0.1304 | Cycle: 0.2260 | Identity: 0.1668
2026-10-05 20:12:50,766 | Epoch [13/150] Step [2000/5630] | G: 3.2823 | D_A: 0.1644 | D_B: 0.2901 | Cycle: 0.1828 | Identity: 0.1510
2026-10-05 20:13:27,031 | Epoch [13/150] Step [2500/5630] | G: 2.8427 | D_A: 0.2034 | D_B: 0.3154 | Cycle: 0.1371 | Identity: 0.1471
2026-10-05 20:14:03,077 | Epoch [13/150] Step [3000/5630] | G: 5.0845 | D_A: 0.1287 | D_B: 0.0444 | Cycle: 0.2594 | Identity: 0.2158
2026-10-05 20:14:39,411 | Epoch [13/150] Step [3500/5630] | G: 3.7652 | D_A: 0.3063 | D_B: 0.2053 | Cycle: 0.1719 | Identity: 0.1414
2026-10-05 20:15:15,549 | Epoch [13/150] Step [4000/5630] | G: 4.1316 | D_A: 0.4111 | D_B: 0.1841 | Cycle: 0.2033 | Identity: 0.2286
2026-10-05 20:15:51,866 | Epoch [13/150] Step [4500/5630] | G: 5.0495 | D_A: 0.2912 | D_B: 0.3424 | Cycle: 0.2352 | Identity: 0.2648
2026-10-05 20:16:27,985 | Epoch [13/150] Step [5000/5630] | G: 4.0021 | D_A: 0.4127 | D_B: 0.0593 | Cycle: 0.2111 | Identity: 0.1238
2026-10-05 20:17:04,106 | Epoch [13/150] Step [5500/5630] | G: 3.8731 | D_A: 0.2054 | D_B: 0.1230 | Cycle: 0.2302 | Identity: 0.1848
2026-10-05 20:17:13,491 | Epoch [13/150] done in 6.80 min | G: 4.0155 | D_A: 0.1732 | D_B: 0.1500 | Cycle: 0.2085 | Identity: 0.1874 | lr_G: 0.0002000
2026-10-05 20:17:15,114 | Epoch [14/150] Step [1/5630] | G: 3.9827 | D_A: 0.3425 | D_B: 0.4137 | Cycle: 0.2298 | Identity: 0.2215
2026-10-05 20:17:51,455 | Epoch [14/150] Step [500/5630] | G: 4.8127 | D_A: 0.1818 | D_B: 0.1250 | Cycle: 0.2802 | Identity: 0.2275
2026-10-05 20:18:27,559 | Epoch [14/150] Step [1000/5630] | G: 3.0091 | D_A: 0.1886 | D_B: 0.0988 | Cycle: 0.1690 | Identity: 0.1376
2026-10-05 20:19:04,168 | Epoch [14/150] Step [1500/5630] | G: 4.1789 | D_A: 0.0972 | D_B: 0.0742 | Cycle: 0.1719 | Identity: 0.1562
2026-10-05 20:19:40,386 | Epoch [14/150] Step [2000/5630] | G: 3.7030 | D_A: 0.1321 | D_B: 0.1114 | Cycle: 0.2125 | Identity: 0.1649
2026-10-05 20:20:16,575 | Epoch [14/150] Step [2500/5630] | G: 3.0319 | D_A: 0.2823 | D_B: 0.3000 | Cycle: 0.1648 | Identity: 0.1304
2026-10-05 20:20:52,771 | Epoch [14/150] Step [3000/5630] | G: 3.8527 | D_A: 0.1635 | D_B: 0.2894 | Cycle: 0.2269 | Identity: 0.1329
2026-10-05 20:21:28,954 | Epoch [14/150] Step [3500/5630] | G: 4.0681 | D_A: 0.1412 | D_B: 0.0587 | Cycle: 0.1891 | Identity: 0.2622
2026-10-05 20:22:05,251 | Epoch [14/150] Step [4000/5630] | G: 4.7686 | D_A: 0.1620 | D_B: 0.0477 | Cycle: 0.2292 | Identity: 0.2800
2026-10-05 20:22:41,278 | Epoch [14/150] Step [4500/5630] | G: 3.8853 | D_A: 0.2455 | D_B: 0.0618 | Cycle: 0.2021 | Identity: 0.1499
2026-10-05 20:23:17,595 | Epoch [14/150] Step [5000/5630] | G: 4.9321 | D_A: 0.2254 | D_B: 0.1141 | Cycle: 0.2198 | Identity: 0.2361
2026-10-05 20:23:53,834 | Epoch [14/150] Step [5500/5630] | G: 3.5676 | D_A: 0.1676 | D_B: 0.0766 | Cycle: 0.1652 | Identity: 0.1677
2026-10-05 20:24:03,264 | Epoch [14/150] done in 6.81 min | G: 3.9818 | D_A: 0.1724 | D_B: 0.1450 | Cycle: 0.2062 | Identity: 0.1821 | lr_G: 0.0002000
2026-10-05 20:24:04,961 | Epoch [15/150] Step [1/5630] | G: 4.2451 | D_A: 0.2308 | D_B: 0.0997 | Cycle: 0.1881 | Identity: 0.2130
2026-10-05 20:24:41,445 | Epoch [15/150] Step [500/5630] | G: 4.1637 | D_A: 0.2891 | D_B: 0.0674 | Cycle: 0.1926 | Identity: 0.2309
2026-10-05 20:25:17,611 | Epoch [15/150] Step [1000/5630] | G: 4.2380 | D_A: 0.1279 | D_B: 0.1474 | Cycle: 0.2103 | Identity: 0.2501
2026-10-05 20:25:53,688 | Epoch [15/150] Step [1500/5630] | G: 3.1045 | D_A: 0.1491 | D_B: 0.0932 | Cycle: 0.1475 | Identity: 0.1219
2026-10-05 20:26:29,800 | Epoch [15/150] Step [2000/5630] | G: 3.9074 | D_A: 0.2768 | D_B: 0.0976 | Cycle: 0.1746 | Identity: 0.1406
2026-10-05 20:27:05,967 | Epoch [15/150] Step [2500/5630] | G: 3.7119 | D_A: 0.3728 | D_B: 0.1245 | Cycle: 0.1893 | Identity: 0.1056
2026-10-05 20:27:42,157 | Epoch [15/150] Step [3000/5630] | G: 3.0847 | D_A: 0.1827 | D_B: 0.1366 | Cycle: 0.1414 | Identity: 0.1140
2026-10-05 20:28:18,225 | Epoch [15/150] Step [3500/5630] | G: 3.7132 | D_A: 0.1287 | D_B: 0.1043 | Cycle: 0.1686 | Identity: 0.1435
2026-10-05 20:28:54,287 | Epoch [15/150] Step [4000/5630] | G: 3.7229 | D_A: 0.0830 | D_B: 0.0968 | Cycle: 0.1963 | Identity: 0.1292
2026-10-05 20:29:31,748 | Epoch [15/150] Step [4500/5630] | G: 4.6695 | D_A: 0.0555 | D_B: 0.1496 | Cycle: 0.1829 | Identity: 0.1484
2026-10-05 20:30:07,950 | Epoch [15/150] Step [5000/5630] | G: 3.6762 | D_A: 0.4127 | D_B: 0.2141 | Cycle: 0.1735 | Identity: 0.1481
2026-10-05 20:30:44,063 | Epoch [15/150] Step [5500/5630] | G: 4.8803 | D_A: 0.1112 | D_B: 0.0659 | Cycle: 0.2976 | Identity: 0.2155
2026-10-05 20:30:53,464 | Epoch [15/150] done in 6.81 min | G: 3.9384 | D_A: 0.1745 | D_B: 0.1407 | Cycle: 0.2030 | Identity: 0.1783 | lr_G: 0.0002000
2026-10-05 20:30:57,038 | Epoch [15/150] local FID: 107.1819
2026-10-05 20:30:57,488 | New best FID 107.1819, saved best_fid.pth
2026-10-05 20:30:59,625 | Epoch [16/150] Step [1/5630] | G: 3.2362 | D_A: 0.1360 | D_B: 0.2617 | Cycle: 0.1675 | Identity: 0.1903
2026-10-05 20:31:35,721 | Epoch [16/150] Step [500/5630] | G: 5.6530 | D_A: 0.2629 | D_B: 0.1702 | Cycle: 0.3284 | Identity: 0.2616
2026-10-05 20:32:12,083 | Epoch [16/150] Step [1000/5630] | G: 3.7738 | D_A: 0.0729 | D_B: 0.3459 | Cycle: 0.2042 | Identity: 0.1630
2026-10-05 20:32:48,413 | Epoch [16/150] Step [1500/5630] | G: 3.3640 | D_A: 0.1049 | D_B: 0.1329 | Cycle: 0.1845 | Identity: 0.1644
2026-10-05 20:33:24,540 | Epoch [16/150] Step [2000/5630] | G: 3.5161 | D_A: 0.0774 | D_B: 0.0873 | Cycle: 0.1898 | Identity: 0.1162
2026-10-05 20:34:00,677 | Epoch [16/150] Step [2500/5630] | G: 3.3265 | D_A: 0.2041 | D_B: 0.2003 | Cycle: 0.1256 | Identity: 0.1006
2026-10-05 20:34:36,800 | Epoch [16/150] Step [3000/5630] | G: 3.1887 | D_A: 0.2466 | D_B: 0.0747 | Cycle: 0.1595 | Identity: 0.1413
2026-10-05 20:35:13,161 | Epoch [16/150] Step [3500/5630] | G: 3.0380 | D_A: 0.2626 | D_B: 0.1650 | Cycle: 0.1852 | Identity: 0.1682
2026-10-05 20:35:49,408 | Epoch [16/150] Step [4000/5630] | G: 3.4441 | D_A: 0.1511 | D_B: 0.1455 | Cycle: 0.1665 | Identity: 0.1695
2026-10-05 20:36:25,443 | Epoch [16/150] Step [4500/5630] | G: 3.1526 | D_A: 0.1045 | D_B: 0.1480 | Cycle: 0.1585 | Identity: 0.1406
2026-10-05 20:37:01,640 | Epoch [16/150] Step [5000/5630] | G: 4.3885 | D_A: 0.1511 | D_B: 0.1203 | Cycle: 0.2312 | Identity: 0.1655
2026-10-05 20:37:37,773 | Epoch [16/150] Step [5500/5630] | G: 3.8923 | D_A: 0.3014 | D_B: 0.1095 | Cycle: 0.1781 | Identity: 0.1356
2026-10-05 20:37:47,196 | Epoch [16/150] done in 6.80 min | G: 3.8871 | D_A: 0.1742 | D_B: 0.1362 | Cycle: 0.1992 | Identity: 0.1730 | lr_G: 0.0002000
2026-10-05 20:37:48,919 | Epoch [17/150] Step [1/5630] | G: 3.7488 | D_A: 0.1687 | D_B: 0.0824 | Cycle: 0.2140 | Identity: 0.1382
2026-10-05 20:38:25,040 | Epoch [17/150] Step [500/5630] | G: 3.8234 | D_A: 0.3102 | D_B: 0.1139 | Cycle: 0.1873 | Identity: 0.2201
2026-10-05 20:39:01,173 | Epoch [17/150] Step [1000/5630] | G: 3.6290 | D_A: 0.1620 | D_B: 0.1278 | Cycle: 0.1811 | Identity: 0.1677
2026-10-05 20:39:37,277 | Epoch [17/150] Step [1500/5630] | G: 3.4821 | D_A: 0.1752 | D_B: 0.1025 | Cycle: 0.1845 | Identity: 0.1503
2026-10-05 20:40:13,399 | Epoch [17/150] Step [2000/5630] | G: 4.4267 | D_A: 0.2138 | D_B: 0.0462 | Cycle: 0.2153 | Identity: 0.1983
2026-10-05 20:40:49,648 | Epoch [17/150] Step [2500/5630] | G: 4.4870 | D_A: 0.1301 | D_B: 0.0473 | Cycle: 0.2127 | Identity: 0.1832
2026-10-05 20:41:26,135 | Epoch [17/150] Step [3000/5630] | G: 3.6376 | D_A: 0.0797 | D_B: 0.0327 | Cycle: 0.1763 | Identity: 0.1852
2026-10-05 20:42:02,376 | Epoch [17/150] Step [3500/5630] | G: 3.7536 | D_A: 0.2002 | D_B: 0.1606 | Cycle: 0.1694 | Identity: 0.1789
2026-10-05 20:42:38,508 | Epoch [17/150] Step [4000/5630] | G: 5.1222 | D_A: 0.3698 | D_B: 0.0890 | Cycle: 0.2774 | Identity: 0.1958
2026-10-05 20:43:14,741 | Epoch [17/150] Step [4500/5630] | G: 5.1002 | D_A: 0.2222 | D_B: 0.1094 | Cycle: 0.2433 | Identity: 0.2707
2026-10-05 20:43:51,257 | Epoch [17/150] Step [5000/5630] | G: 4.2084 | D_A: 0.1098 | D_B: 0.0886 | Cycle: 0.1899 | Identity: 0.1940
2026-10-05 20:44:27,420 | Epoch [17/150] Step [5500/5630] | G: 4.8134 | D_A: 0.1304 | D_B: 0.0618 | Cycle: 0.2965 | Identity: 0.2211
2026-10-05 20:44:36,830 | Epoch [17/150] done in 6.80 min | G: 3.8639 | D_A: 0.1745 | D_B: 0.1308 | Cycle: 0.1972 | Identity: 0.1693 | lr_G: 0.0002000
2026-10-05 20:44:38,298 | Epoch [18/150] Step [1/5630] | G: 3.3340 | D_A: 0.1328 | D_B: 0.1216 | Cycle: 0.1371 | Identity: 0.1637
2026-10-05 20:45:14,394 | Epoch [18/150] Step [500/5630] | G: 3.1854 | D_A: 0.1980 | D_B: 0.1137 | Cycle: 0.1726 | Identity: 0.1400
2026-10-05 20:45:50,522 | Epoch [18/150] Step [1000/5630] | G: 3.2599 | D_A: 0.2017 | D_B: 0.1529 | Cycle: 0.1561 | Identity: 0.1814
2026-10-05 20:46:26,642 | Epoch [18/150] Step [1500/5630] | G: 3.5522 | D_A: 0.1097 | D_B: 0.0498 | Cycle: 0.1616 | Identity: 0.1310
2026-10-05 20:47:02,728 | Epoch [18/150] Step [2000/5630] | G: 3.4484 | D_A: 0.1156 | D_B: 0.0757 | Cycle: 0.1880 | Identity: 0.1405
2026-10-05 20:47:38,917 | Epoch [18/150] Step [2500/5630] | G: 2.7861 | D_A: 0.3166 | D_B: 0.1815 | Cycle: 0.1526 | Identity: 0.1449
2026-10-05 20:48:15,033 | Epoch [18/150] Step [3000/5630] | G: 3.6998 | D_A: 0.2810 | D_B: 0.0939 | Cycle: 0.1896 | Identity: 0.1841
2026-10-05 20:48:51,396 | Epoch [18/150] Step [3500/5630] | G: 3.5326 | D_A: 0.2136 | D_B: 0.0563 | Cycle: 0.2131 | Identity: 0.1546
2026-10-05 20:49:27,896 | Epoch [18/150] Step [4000/5630] | G: 3.9907 | D_A: 0.1565 | D_B: 0.1914 | Cycle: 0.1709 | Identity: 0.1661
2026-10-05 20:50:04,039 | Epoch [18/150] Step [4500/5630] | G: 4.0534 | D_A: 0.1827 | D_B: 0.0616 | Cycle: 0.1898 | Identity: 0.1582
2026-10-05 20:50:40,316 | Epoch [18/150] Step [5000/5630] | G: 3.9883 | D_A: 0.3020 | D_B: 0.0981 | Cycle: 0.1835 | Identity: 0.1703
2026-10-05 20:51:16,516 | Epoch [18/150] Step [5500/5630] | G: 3.2161 | D_A: 0.1263 | D_B: 0.0715 | Cycle: 0.1732 | Identity: 0.1168
2026-10-05 20:51:25,918 | Epoch [18/150] done in 6.80 min | G: 3.8330 | D_A: 0.1764 | D_B: 0.1263 | Cycle: 0.1949 | Identity: 0.1657 | lr_G: 0.0002000
2026-10-05 20:51:27,372 | Epoch [19/150] Step [1/5630] | G: 3.5341 | D_A: 0.1199 | D_B: 0.1013 | Cycle: 0.1441 | Identity: 0.1786
2026-10-05 20:52:03,423 | Epoch [19/150] Step [500/5630] | G: 3.5876 | D_A: 0.2626 | D_B: 0.0654 | Cycle: 0.1975 | Identity: 0.1630
2026-10-05 20:52:39,499 | Epoch [19/150] Step [1000/5630] | G: 5.4197 | D_A: 0.3746 | D_B: 0.1674 | Cycle: 0.2823 | Identity: 0.1998
2026-10-05 20:53:15,568 | Epoch [19/150] Step [1500/5630] | G: 4.2621 | D_A: 0.1232 | D_B: 0.0533 | Cycle: 0.1805 | Identity: 0.1961
2026-10-05 20:53:51,807 | Epoch [19/150] Step [2000/5630] | G: 3.4625 | D_A: 0.1231 | D_B: 0.0496 | Cycle: 0.1865 | Identity: 0.1197
2026-10-05 20:54:27,941 | Epoch [19/150] Step [2500/5630] | G: 4.0221 | D_A: 0.1556 | D_B: 0.0291 | Cycle: 0.1636 | Identity: 0.1291
2026-10-05 20:55:04,118 | Epoch [19/150] Step [3000/5630] | G: 4.5285 | D_A: 0.1714 | D_B: 0.0855 | Cycle: 0.2169 | Identity: 0.1654
2026-10-05 20:55:40,470 | Epoch [19/150] Step [3500/5630] | G: 5.6593 | D_A: 0.1917 | D_B: 0.2096 | Cycle: 0.2655 | Identity: 0.2187
2026-10-05 20:56:16,674 | Epoch [19/150] Step [4000/5630] | G: 5.0239 | D_A: 0.1731 | D_B: 0.1627 | Cycle: 0.2580 | Identity: 0.3061
2026-10-05 20:56:52,817 | Epoch [19/150] Step [4500/5630] | G: 4.1984 | D_A: 0.0363 | D_B: 0.0777 | Cycle: 0.1886 | Identity: 0.1263
2026-10-05 20:57:28,960 | Epoch [19/150] Step [5000/5630] | G: 3.8979 | D_A: 0.0977 | D_B: 0.0675 | Cycle: 0.2528 | Identity: 0.1705
2026-10-05 20:58:05,145 | Epoch [19/150] Step [5500/5630] | G: 2.9514 | D_A: 0.0501 | D_B: 0.0332 | Cycle: 0.1430 | Identity: 0.1012
2026-10-05 20:58:14,784 | Epoch [19/150] done in 6.79 min | G: 3.8275 | D_A: 0.1750 | D_B: 0.1210 | Cycle: 0.1929 | Identity: 0.1632 | lr_G: 0.0002000
2026-10-05 20:58:16,184 | Epoch [20/150] Step [1/5630] | G: 2.8718 | D_A: 0.3110 | D_B: 0.0750 | Cycle: 0.1428 | Identity: 0.1160
2026-10-05 20:58:52,240 | Epoch [20/150] Step [500/5630] | G: 2.8805 | D_A: 0.3429 | D_B: 0.2074 | Cycle: 0.1559 | Identity: 0.1317
2026-10-05 20:59:28,432 | Epoch [20/150] Step [1000/5630] | G: 3.2851 | D_A: 0.3164 | D_B: 0.0745 | Cycle: 0.1613 | Identity: 0.1185
2026-10-05 21:00:04,525 | Epoch [20/150] Step [1500/5630] | G: 3.9947 | D_A: 0.1300 | D_B: 0.2183 | Cycle: 0.2265 | Identity: 0.1759
2026-10-05 21:00:40,754 | Epoch [20/150] Step [2000/5630] | G: 3.7446 | D_A: 0.0819 | D_B: 0.1099 | Cycle: 0.2288 | Identity: 0.1700
2026-10-05 21:01:17,222 | Epoch [20/150] Step [2500/5630] | G: 3.6856 | D_A: 0.1715 | D_B: 0.1213 | Cycle: 0.1649 | Identity: 0.1833
2026-10-05 21:01:53,393 | Epoch [20/150] Step [3000/5630] | G: 4.0450 | D_A: 0.0909 | D_B: 0.0460 | Cycle: 0.1685 | Identity: 0.1822
2026-10-05 21:02:29,481 | Epoch [20/150] Step [3500/5630] | G: 4.2858 | D_A: 0.2046 | D_B: 0.1508 | Cycle: 0.2473 | Identity: 0.2465
2026-10-05 21:03:05,781 | Epoch [20/150] Step [4000/5630] | G: 4.7505 | D_A: 0.1381 | D_B: 0.0506 | Cycle: 0.2670 | Identity: 0.2379
2026-10-05 21:03:42,020 | Epoch [20/150] Step [4500/5630] | G: 4.6656 | D_A: 0.2119 | D_B: 0.1122 | Cycle: 0.2413 | Identity: 0.2053
2026-10-05 21:04:18,189 | Epoch [20/150] Step [5000/5630] | G: 3.2902 | D_A: 0.1585 | D_B: 0.1233 | Cycle: 0.1949 | Identity: 0.1419
2026-10-05 21:04:54,491 | Epoch [20/150] Step [5500/5630] | G: 4.5373 | D_A: 0.1512 | D_B: 0.1018 | Cycle: 0.2454 | Identity: 0.2190
2026-10-05 21:05:03,901 | Epoch [20/150] done in 6.80 min | G: 3.7680 | D_A: 0.1763 | D_B: 0.1183 | Cycle: 0.1895 | Identity: 0.1591 | lr_G: 0.0002000
2026-10-05 21:05:07,404 | Epoch [20/150] local FID: 104.8899
2026-10-05 21:05:07,743 | New best FID 104.8899, saved best_fid.pth
2026-10-05 21:05:10,391 | Epoch [21/150] Step [1/5630] | G: 3.7878 | D_A: 0.1016 | D_B: 0.0926 | Cycle: 0.2126 | Identity: 0.1564
2026-10-05 21:05:46,548 | Epoch [21/150] Step [500/5630] | G: 3.5631 | D_A: 0.2038 | D_B: 0.0341 | Cycle: 0.1676 | Identity: 0.1483
2026-10-05 21:06:22,780 | Epoch [21/150] Step [1000/5630] | G: 4.0114 | D_A: 0.1058 | D_B: 0.0968 | Cycle: 0.2131 | Identity: 0.1324
2026-10-05 21:06:58,954 | Epoch [21/150] Step [1500/5630] | G: 3.0751 | D_A: 0.3072 | D_B: 0.1468 | Cycle: 0.1494 | Identity: 0.1348
2026-10-05 21:07:35,142 | Epoch [21/150] Step [2000/5630] | G: 4.2496 | D_A: 0.1614 | D_B: 0.0736 | Cycle: 0.2034 | Identity: 0.1986
2026-10-05 21:08:11,366 | Epoch [21/150] Step [2500/5630] | G: 2.8100 | D_A: 0.1126 | D_B: 0.2935 | Cycle: 0.1683 | Identity: 0.1241
2026-10-05 21:08:47,644 | Epoch [21/150] Step [3000/5630] | G: 2.7620 | D_A: 0.1054 | D_B: 0.2020 | Cycle: 0.1663 | Identity: 0.1346
2026-10-05 21:09:23,828 | Epoch [21/150] Step [3500/5630] | G: 4.3889 | D_A: 0.4001 | D_B: 0.0631 | Cycle: 0.2477 | Identity: 0.2092
2026-10-05 21:09:59,974 | Epoch [21/150] Step [4000/5630] | G: 4.5597 | D_A: 0.1361 | D_B: 0.0709 | Cycle: 0.1965 | Identity: 0.1623
2026-10-05 21:10:36,197 | Epoch [21/150] Step [4500/5630] | G: 3.3909 | D_A: 0.1531 | D_B: 0.1053 | Cycle: 0.1963 | Identity: 0.1687
2026-10-05 21:11:12,385 | Epoch [21/150] Step [5000/5630] | G: 3.5154 | D_A: 0.0849 | D_B: 0.0967 | Cycle: 0.1329 | Identity: 0.1074
2026-10-05 21:11:48,634 | Epoch [21/150] Step [5500/5630] | G: 3.2729 | D_A: 0.1869 | D_B: 0.1168 | Cycle: 0.1448 | Identity: 0.1366
2026-10-05 21:11:58,080 | Epoch [21/150] done in 6.80 min | G: 3.7420 | D_A: 0.1768 | D_B: 0.1146 | Cycle: 0.1877 | Identity: 0.1558 | lr_G: 0.0002000
2026-10-05 21:11:59,498 | Epoch [22/150] Step [1/5630] | G: 3.8527 | D_A: 0.0824 | D_B: 0.0466 | Cycle: 0.1677 | Identity: 0.1205
2026-10-05 21:12:35,497 | Epoch [22/150] Step [500/5630] | G: 4.9780 | D_A: 0.3100 | D_B: 0.1256 | Cycle: 0.2545 | Identity: 0.2105
2026-10-05 21:13:11,683 | Epoch [22/150] Step [1000/5630] | G: 5.3724 | D_A: 0.1766 | D_B: 0.0652 | Cycle: 0.2773 | Identity: 0.2216
2026-10-05 21:13:47,786 | Epoch [22/150] Step [1500/5630] | G: 3.3713 | D_A: 0.4077 | D_B: 0.1134 | Cycle: 0.1757 | Identity: 0.1759
2026-10-05 21:14:23,962 | Epoch [22/150] Step [2000/5630] | G: 3.3954 | D_A: 0.1845 | D_B: 0.1395 | Cycle: 0.1705 | Identity: 0.1580
2026-10-05 21:15:00,105 | Epoch [22/150] Step [2500/5630] | G: 4.5489 | D_A: 0.0595 | D_B: 0.0566 | Cycle: 0.2170 | Identity: 0.1409
2026-10-05 21:15:36,470 | Epoch [22/150] Step [3000/5630] | G: 4.4681 | D_A: 0.1274 | D_B: 0.1373 | Cycle: 0.2537 | Identity: 0.1438
2026-10-05 21:16:12,656 | Epoch [22/150] Step [3500/5630] | G: 3.9002 | D_A: 0.1655 | D_B: 0.0531 | Cycle: 0.2052 | Identity: 0.1668
2026-10-05 21:16:48,778 | Epoch [22/150] Step [4000/5630] | G: 3.8750 | D_A: 0.1525 | D_B: 0.1636 | Cycle: 0.1674 | Identity: 0.1157
2026-10-05 21:17:24,849 | Epoch [22/150] Step [4500/5630] | G: 5.0597 | D_A: 0.3024 | D_B: 0.0896 | Cycle: 0.2848 | Identity: 0.2304
2026-10-05 21:18:00,961 | Epoch [22/150] Step [5000/5630] | G: 3.7301 | D_A: 0.1012 | D_B: 0.1024 | Cycle: 0.1778 | Identity: 0.1451
2026-10-05 21:18:37,091 | Epoch [22/150] Step [5500/5630] | G: 3.8622 | D_A: 0.1167 | D_B: 0.0822 | Cycle: 0.2159 | Identity: 0.1451
2026-10-05 21:18:46,486 | Epoch [22/150] done in 6.79 min | G: 3.7237 | D_A: 0.1774 | D_B: 0.1113 | Cycle: 0.1858 | Identity: 0.1540 | lr_G: 0.0002000
2026-10-05 21:18:48,260 | Epoch [23/150] Step [1/5630] | G: 3.2814 | D_A: 0.1346 | D_B: 0.0483 | Cycle: 0.1874 | Identity: 0.1452
2026-10-05 21:19:24,309 | Epoch [23/150] Step [500/5630] | G: 4.0024 | D_A: 0.1642 | D_B: 0.1495 | Cycle: 0.1804 | Identity: 0.1436
2026-10-05 21:20:00,910 | Epoch [23/150] Step [1000/5630] | G: 4.4699 | D_A: 0.1373 | D_B: 0.0481 | Cycle: 0.2498 | Identity: 0.1992
2026-10-05 21:20:37,126 | Epoch [23/150] Step [1500/5630] | G: 3.1756 | D_A: 0.2007 | D_B: 0.2155 | Cycle: 0.1766 | Identity: 0.1374
2026-10-05 21:21:13,289 | Epoch [23/150] Step [2000/5630] | G: 4.9841 | D_A: 0.0749 | D_B: 0.0749 | Cycle: 0.2624 | Identity: 0.2269
2026-10-05 21:21:49,405 | Epoch [23/150] Step [2500/5630] | G: 3.3977 | D_A: 0.0293 | D_B: 0.2991 | Cycle: 0.1623 | Identity: 0.1559
2026-10-05 21:22:25,498 | Epoch [23/150] Step [3000/5630] | G: 3.4377 | D_A: 0.1811 | D_B: 0.1405 | Cycle: 0.1627 | Identity: 0.0932
2026-10-05 21:23:01,598 | Epoch [23/150] Step [3500/5630] | G: 3.7635 | D_A: 0.1102 | D_B: 0.0763 | Cycle: 0.1885 | Identity: 0.1116
2026-10-05 21:23:37,773 | Epoch [23/150] Step [4000/5630] | G: 3.1945 | D_A: 0.1802 | D_B: 0.0685 | Cycle: 0.1380 | Identity: 0.1318
2026-10-05 21:24:13,977 | Epoch [23/150] Step [4500/5630] | G: 3.1021 | D_A: 0.2805 | D_B: 0.1267 | Cycle: 0.1705 | Identity: 0.1201
2026-10-05 21:24:50,220 | Epoch [23/150] Step [5000/5630] | G: 3.4015 | D_A: 0.1307 | D_B: 0.0902 | Cycle: 0.1867 | Identity: 0.1174
2026-10-05 21:25:26,343 | Epoch [23/150] Step [5500/5630] | G: 3.5871 | D_A: 0.1798 | D_B: 0.1464 | Cycle: 0.1550 | Identity: 0.1259
2026-10-05 21:25:35,731 | Epoch [23/150] done in 6.79 min | G: 3.6931 | D_A: 0.1775 | D_B: 0.1088 | Cycle: 0.1835 | Identity: 0.1513 | lr_G: 0.0002000
2026-10-05 21:25:37,465 | Epoch [24/150] Step [1/5630] | G: 3.4331 | D_A: 0.1101 | D_B: 0.0508 | Cycle: 0.1324 | Identity: 0.1153
2026-10-05 21:26:13,507 | Epoch [24/150] Step [500/5630] | G: 3.1662 | D_A: 0.2155 | D_B: 0.0389 | Cycle: 0.1226 | Identity: 0.1047
2026-10-05 21:26:49,892 | Epoch [24/150] Step [1000/5630] | G: 3.1795 | D_A: 0.1660 | D_B: 0.0720 | Cycle: 0.1813 | Identity: 0.1178
2026-10-05 21:27:27,601 | Epoch [24/150] Step [1500/5630] | G: 3.3837 | D_A: 0.2290 | D_B: 0.0463 | Cycle: 0.1269 | Identity: 0.1386
2026-10-05 21:28:03,685 | Epoch [24/150] Step [2000/5630] | G: 3.4778 | D_A: 0.2500 | D_B: 0.0838 | Cycle: 0.1564 | Identity: 0.1253
2026-10-05 21:28:39,781 | Epoch [24/150] Step [2500/5630] | G: 3.5136 | D_A: 0.1335 | D_B: 0.1008 | Cycle: 0.1639 | Identity: 0.1039
2026-10-05 21:29:15,853 | Epoch [24/150] Step [3000/5630] | G: 3.9607 | D_A: 0.1795 | D_B: 0.0353 | Cycle: 0.1870 | Identity: 0.1482
2026-10-05 21:29:52,101 | Epoch [24/150] Step [3500/5630] | G: 2.7593 | D_A: 0.2148 | D_B: 0.0907 | Cycle: 0.1491 | Identity: 0.1227
2026-10-05 21:30:28,332 | Epoch [24/150] Step [4000/5630] | G: 3.8206 | D_A: 0.1085 | D_B: 0.0898 | Cycle: 0.2051 | Identity: 0.1870
2026-10-05 21:31:04,522 | Epoch [24/150] Step [4500/5630] | G: 4.0286 | D_A: 0.2031 | D_B: 0.0758 | Cycle: 0.2128 | Identity: 0.1937
2026-10-05 21:31:40,698 | Epoch [24/150] Step [5000/5630] | G: 4.4628 | D_A: 0.1439 | D_B: 0.1123 | Cycle: 0.2236 | Identity: 0.2107
2026-10-05 21:32:16,738 | Epoch [24/150] Step [5500/5630] | G: 4.4115 | D_A: 0.0459 | D_B: 0.0753 | Cycle: 0.2202 | Identity: 0.1476
2026-10-05 21:32:26,147 | Epoch [24/150] done in 6.81 min | G: 3.6580 | D_A: 0.1789 | D_B: 0.1068 | Cycle: 0.1807 | Identity: 0.1486 | lr_G: 0.0002000
2026-10-05 21:32:28,342 | Epoch [25/150] Step [1/5630] | G: 4.9573 | D_A: 0.1454 | D_B: 0.0831 | Cycle: 0.2879 | Identity: 0.2099
2026-10-05 21:33:04,513 | Epoch [25/150] Step [500/5630] | G: 3.1685 | D_A: 0.0418 | D_B: 0.0836 | Cycle: 0.1554 | Identity: 0.1100
2026-10-05 21:33:40,583 | Epoch [25/150] Step [1000/5630] | G: 3.1115 | D_A: 0.1616 | D_B: 0.1610 | Cycle: 0.1644 | Identity: 0.1223
2026-10-05 21:34:16,694 | Epoch [25/150] Step [1500/5630] | G: 6.1705 | D_A: 0.0772 | D_B: 0.0810 | Cycle: 0.3542 | Identity: 0.3088
2026-10-05 21:34:52,809 | Epoch [25/150] Step [2000/5630] | G: 2.9600 | D_A: 0.2680 | D_B: 0.2620 | Cycle: 0.1531 | Identity: 0.1280
2026-10-05 21:35:28,915 | Epoch [25/150] Step [2500/5630] | G: 4.0930 | D_A: 0.2284 | D_B: 0.1435 | Cycle: 0.2125 | Identity: 0.1616
2026-10-05 21:36:05,010 | Epoch [25/150] Step [3000/5630] | G: 2.7465 | D_A: 0.1152 | D_B: 0.0590 | Cycle: 0.1313 | Identity: 0.1010
2026-10-05 21:36:41,162 | Epoch [25/150] Step [3500/5630] | G: 5.3693 | D_A: 0.1130 | D_B: 0.0492 | Cycle: 0.2265 | Identity: 0.2844
2026-10-05 21:37:17,331 | Epoch [25/150] Step [4000/5630] | G: 3.3542 | D_A: 0.3629 | D_B: 0.0747 | Cycle: 0.1579 | Identity: 0.1214
2026-10-05 21:37:53,430 | Epoch [25/150] Step [4500/5630] | G: 2.7823 | D_A: 0.0796 | D_B: 0.1133 | Cycle: 0.1298 | Identity: 0.1024
2026-10-05 21:38:29,514 | Epoch [25/150] Step [5000/5630] | G: 3.4119 | D_A: 0.0895 | D_B: 0.0280 | Cycle: 0.1298 | Identity: 0.1045
2026-10-05 21:39:05,711 | Epoch [25/150] Step [5500/5630] | G: 3.3057 | D_A: 0.2182 | D_B: 0.1981 | Cycle: 0.1461 | Identity: 0.1171
2026-10-05 21:39:15,127 | Epoch [25/150] done in 6.78 min | G: 3.6409 | D_A: 0.1784 | D_B: 0.1040 | Cycle: 0.1796 | Identity: 0.1465 | lr_G: 0.0002000
2026-10-05 21:39:18,560 | Epoch [25/150] local FID: 98.6441
2026-10-05 21:39:18,909 | New best FID 98.6441, saved best_fid.pth
2026-10-05 21:39:20,708 | Epoch [26/150] Step [1/5630] | G: 3.2946 | D_A: 0.1934 | D_B: 0.0682 | Cycle: 0.1380 | Identity: 0.1184
2026-10-05 21:39:56,809 | Epoch [26/150] Step [500/5630] | G: 3.9540 | D_A: 0.0730 | D_B: 0.2158 | Cycle: 0.1368 | Identity: 0.0931
2026-10-05 21:40:32,932 | Epoch [26/150] Step [1000/5630] | G: 3.5097 | D_A: 0.0792 | D_B: 0.0473 | Cycle: 0.1591 | Identity: 0.1716
2026-10-05 21:41:09,145 | Epoch [26/150] Step [1500/5630] | G: 3.1050 | D_A: 0.0974 | D_B: 0.0349 | Cycle: 0.1836 | Identity: 0.1214
2026-10-05 21:41:45,244 | Epoch [26/150] Step [2000/5630] | G: 3.7771 | D_A: 0.3678 | D_B: 0.0612 | Cycle: 0.1907 | Identity: 0.1671
2026-10-05 21:42:21,316 | Epoch [26/150] Step [2500/5630] | G: 2.9186 | D_A: 0.0810 | D_B: 0.0976 | Cycle: 0.1566 | Identity: 0.1051
2026-10-05 21:42:57,561 | Epoch [26/150] Step [3000/5630] | G: 4.1564 | D_A: 0.1948 | D_B: 0.0886 | Cycle: 0.1849 | Identity: 0.1365
2026-10-05 21:43:33,754 | Epoch [26/150] Step [3500/5630] | G: 4.1054 | D_A: 0.1616 | D_B: 0.0421 | Cycle: 0.2411 | Identity: 0.1641
2026-10-05 21:44:09,799 | Epoch [26/150] Step [4000/5630] | G: 3.6602 | D_A: 0.1071 | D_B: 0.1773 | Cycle: 0.1819 | Identity: 0.1725
2026-10-05 21:44:45,822 | Epoch [26/150] Step [4500/5630] | G: 4.0664 | D_A: 0.2355 | D_B: 0.0881 | Cycle: 0.1834 | Identity: 0.1427
2026-10-05 21:45:21,977 | Epoch [26/150] Step [5000/5630] | G: 3.5428 | D_A: 0.1844 | D_B: 0.0662 | Cycle: 0.1410 | Identity: 0.1199
2026-10-05 21:45:58,011 | Epoch [26/150] Step [5500/5630] | G: 3.7971 | D_A: 0.1847 | D_B: 0.0610 | Cycle: 0.1950 | Identity: 0.1334
2026-10-05 21:46:07,403 | Epoch [26/150] done in 6.79 min | G: 3.6273 | D_A: 0.1781 | D_B: 0.1004 | Cycle: 0.1779 | Identity: 0.1444 | lr_G: 0.0002000
2026-10-05 21:46:09,467 | Epoch [27/150] Step [1/5630] | G: 3.8557 | D_A: 0.2315 | D_B: 0.0959 | Cycle: 0.1779 | Identity: 0.1041
2026-10-05 21:46:45,696 | Epoch [27/150] Step [500/5630] | G: 4.1491 | D_A: 0.0926 | D_B: 0.0435 | Cycle: 0.1780 | Identity: 0.1375
2026-10-05 21:47:21,856 | Epoch [27/150] Step [1000/5630] | G: 3.9809 | D_A: 0.2461 | D_B: 0.1084 | Cycle: 0.2394 | Identity: 0.1357
2026-10-05 21:47:58,019 | Epoch [27/150] Step [1500/5630] | G: 5.4853 | D_A: 0.0779 | D_B: 0.0384 | Cycle: 0.2748 | Identity: 0.2294
2026-10-05 21:48:34,073 | Epoch [27/150] Step [2000/5630] | G: 4.6883 | D_A: 0.2210 | D_B: 0.0746 | Cycle: 0.2233 | Identity: 0.2134
2026-10-05 21:49:10,232 | Epoch [27/150] Step [2500/5630] | G: 3.1390 | D_A: 0.0957 | D_B: 0.0788 | Cycle: 0.1087 | Identity: 0.0987
2026-10-05 21:49:46,258 | Epoch [27/150] Step [3000/5630] | G: 2.7294 | D_A: 0.2234 | D_B: 0.1033 | Cycle: 0.1397 | Identity: 0.1427
2026-10-05 21:50:22,310 | Epoch [27/150] Step [3500/5630] | G: 4.4393 | D_A: 0.1174 | D_B: 0.1511 | Cycle: 0.1880 | Identity: 0.1595
2026-10-05 21:50:58,377 | Epoch [27/150] Step [4000/5630] | G: 2.7900 | D_A: 0.1905 | D_B: 0.1186 | Cycle: 0.1318 | Identity: 0.1006
2026-10-05 21:51:34,514 | Epoch [27/150] Step [4500/5630] | G: 4.3078 | D_A: 0.1754 | D_B: 0.1152 | Cycle: 0.1900 | Identity: 0.1695
2026-10-05 21:52:10,611 | Epoch [27/150] Step [5000/5630] | G: 3.0132 | D_A: 0.1393 | D_B: 0.0438 | Cycle: 0.1411 | Identity: 0.0971
2026-10-05 21:52:46,743 | Epoch [27/150] Step [5500/5630] | G: 5.0079 | D_A: 0.1097 | D_B: 0.0473 | Cycle: 0.2320 | Identity: 0.2385
2026-10-05 21:52:56,142 | Epoch [27/150] done in 6.78 min | G: 3.6023 | D_A: 0.1796 | D_B: 0.0987 | Cycle: 0.1762 | Identity: 0.1424 | lr_G: 0.0002000
2026-10-05 21:52:57,567 | Epoch [28/150] Step [1/5630] | G: 2.8326 | D_A: 0.2002 | D_B: 0.0433 | Cycle: 0.1657 | Identity: 0.1011
2026-10-05 21:53:33,815 | Epoch [28/150] Step [500/5630] | G: 3.0022 | D_A: 0.1753 | D_B: 0.0660 | Cycle: 0.1413 | Identity: 0.1079
2026-10-05 21:54:10,126 | Epoch [28/150] Step [1000/5630] | G: 3.9879 | D_A: 0.3782 | D_B: 0.0920 | Cycle: 0.2075 | Identity: 0.2000
2026-10-05 21:54:46,243 | Epoch [28/150] Step [1500/5630] | G: 3.0204 | D_A: 0.0770 | D_B: 0.0581 | Cycle: 0.1427 | Identity: 0.1244
2026-10-05 21:55:22,370 | Epoch [28/150] Step [2000/5630] | G: 2.6366 | D_A: 0.1365 | D_B: 0.0569 | Cycle: 0.1362 | Identity: 0.1043
2026-10-05 21:55:58,588 | Epoch [28/150] Step [2500/5630] | G: 3.9653 | D_A: 0.0438 | D_B: 0.1282 | Cycle: 0.1856 | Identity: 0.1448
2026-10-05 21:56:34,793 | Epoch [28/150] Step [3000/5630] | G: 2.7484 | D_A: 0.1327 | D_B: 0.1131 | Cycle: 0.1621 | Identity: 0.0982
2026-10-05 21:57:10,951 | Epoch [28/150] Step [3500/5630] | G: 4.0402 | D_A: 0.1350 | D_B: 0.0807 | Cycle: 0.1784 | Identity: 0.1637
2026-10-05 21:57:47,073 | Epoch [28/150] Step [4000/5630] | G: 3.2088 | D_A: 0.0310 | D_B: 0.1409 | Cycle: 0.1378 | Identity: 0.1239
2026-10-05 21:58:23,143 | Epoch [28/150] Step [4500/5630] | G: 3.3270 | D_A: 0.3531 | D_B: 0.1376 | Cycle: 0.1832 | Identity: 0.1193
2026-10-05 21:58:59,475 | Epoch [28/150] Step [5000/5630] | G: 3.3379 | D_A: 0.1529 | D_B: 0.0810 | Cycle: 0.1470 | Identity: 0.1356
2026-10-05 21:59:35,663 | Epoch [28/150] Step [5500/5630] | G: 3.6870 | D_A: 0.1458 | D_B: 0.0476 | Cycle: 0.2184 | Identity: 0.1386
2026-10-05 21:59:45,096 | Epoch [28/150] done in 6.80 min | G: 3.5755 | D_A: 0.1785 | D_B: 0.0965 | Cycle: 0.1741 | Identity: 0.1400 | lr_G: 0.0002000
2026-10-05 21:59:46,517 | Epoch [29/150] Step [1/5630] | G: 3.7012 | D_A: 0.1030 | D_B: 0.1852 | Cycle: 0.1825 | Identity: 0.1211
2026-10-05 22:00:22,592 | Epoch [29/150] Step [500/5630] | G: 3.8253 | D_A: 0.1843 | D_B: 0.1017 | Cycle: 0.1875 | Identity: 0.1416
2026-10-05 22:00:58,733 | Epoch [29/150] Step [1000/5630] | G: 3.7513 | D_A: 0.1663 | D_B: 0.0651 | Cycle: 0.1889 | Identity: 0.1351
2026-10-05 22:01:34,958 | Epoch [29/150] Step [1500/5630] | G: 3.9323 | D_A: 0.2537 | D_B: 0.1267 | Cycle: 0.2129 | Identity: 0.1658
2026-10-05 22:02:11,127 | Epoch [29/150] Step [2000/5630] | G: 3.9909 | D_A: 0.1046 | D_B: 0.1350 | Cycle: 0.1936 | Identity: 0.1851
2026-10-05 22:02:47,266 | Epoch [29/150] Step [2500/5630] | G: 3.6886 | D_A: 0.1458 | D_B: 0.0618 | Cycle: 0.1842 | Identity: 0.1276
2026-10-05 22:03:23,394 | Epoch [29/150] Step [3000/5630] | G: 2.9790 | D_A: 0.2278 | D_B: 0.0852 | Cycle: 0.1146 | Identity: 0.0781
2026-10-05 22:03:59,753 | Epoch [29/150] Step [3500/5630] | G: 2.9028 | D_A: 0.1912 | D_B: 0.0468 | Cycle: 0.1284 | Identity: 0.1114
2026-10-05 22:04:35,968 | Epoch [29/150] Step [4000/5630] | G: 2.5508 | D_A: 0.2685 | D_B: 0.2592 | Cycle: 0.1484 | Identity: 0.1302
2026-10-05 22:05:12,126 | Epoch [29/150] Step [4500/5630] | G: 3.8813 | D_A: 0.3316 | D_B: 0.1391 | Cycle: 0.1636 | Identity: 0.1142
2026-10-05 22:05:48,363 | Epoch [29/150] Step [5000/5630] | G: 3.7141 | D_A: 0.1050 | D_B: 0.0938 | Cycle: 0.1403 | Identity: 0.1237
2026-10-05 22:06:24,531 | Epoch [29/150] Step [5500/5630] | G: 2.5551 | D_A: 0.1250 | D_B: 0.0549 | Cycle: 0.1123 | Identity: 0.1010
2026-10-05 22:06:33,936 | Epoch [29/150] done in 6.79 min | G: 3.5684 | D_A: 0.1785 | D_B: 0.0946 | Cycle: 0.1729 | Identity: 0.1387 | lr_G: 0.0002000
2026-10-05 22:06:35,588 | Epoch [30/150] Step [1/5630] | G: 2.7065 | D_A: 0.1343 | D_B: 0.1001 | Cycle: 0.1442 | Identity: 0.1111
2026-10-05 22:07:11,662 | Epoch [30/150] Step [500/5630] | G: 2.9425 | D_A: 0.1338 | D_B: 0.1214 | Cycle: 0.1308 | Identity: 0.1217
2026-10-05 22:07:47,738 | Epoch [30/150] Step [1000/5630] | G: 4.1259 | D_A: 0.0905 | D_B: 0.0517 | Cycle: 0.1777 | Identity: 0.1401
2026-10-05 22:08:24,148 | Epoch [30/150] Step [1500/5630] | G: 4.2214 | D_A: 0.2293 | D_B: 0.1288 | Cycle: 0.1881 | Identity: 0.1766
2026-10-05 22:09:00,210 | Epoch [30/150] Step [2000/5630] | G: 2.8261 | D_A: 0.1883 | D_B: 0.1737 | Cycle: 0.1491 | Identity: 0.1118
2026-10-05 22:09:36,389 | Epoch [30/150] Step [2500/5630] | G: 3.6909 | D_A: 0.1864 | D_B: 0.1525 | Cycle: 0.1664 | Identity: 0.1191
2026-10-05 22:10:12,540 | Epoch [30/150] Step [3000/5630] | G: 3.6074 | D_A: 0.2545 | D_B: 0.0651 | Cycle: 0.1763 | Identity: 0.1280
2026-10-05 22:10:48,696 | Epoch [30/150] Step [3500/5630] | G: 3.3312 | D_A: 0.1601 | D_B: 0.0356 | Cycle: 0.1434 | Identity: 0.1136
2026-10-05 22:11:24,818 | Epoch [30/150] Step [4000/5630] | G: 3.1052 | D_A: 0.2310 | D_B: 0.0653 | Cycle: 0.1367 | Identity: 0.1194
2026-10-05 22:12:00,950 | Epoch [30/150] Step [4500/5630] | G: 2.8010 | D_A: 0.0901 | D_B: 0.1306 | Cycle: 0.1435 | Identity: 0.1086
2026-10-05 22:12:37,034 | Epoch [30/150] Step [5000/5630] | G: 3.4493 | D_A: 0.1604 | D_B: 0.0333 | Cycle: 0.1614 | Identity: 0.1367
2026-10-05 22:13:13,284 | Epoch [30/150] Step [5500/5630] | G: 3.9987 | D_A: 0.1488 | D_B: 0.1136 | Cycle: 0.2125 | Identity: 0.1254
2026-10-05 22:13:23,028 | Epoch [30/150] done in 6.79 min | G: 3.5535 | D_A: 0.1780 | D_B: 0.0914 | Cycle: 0.1715 | Identity: 0.1376 | lr_G: 0.0002000
2026-10-05 22:13:26,487 | Epoch [30/150] local FID: 98.1297
2026-10-05 22:13:27,064 | New best FID 98.1297, saved best_fid.pth
2026-10-05 22:13:30,538 | Epoch [31/150] Step [1/5630] | G: 7.7394 | D_A: 0.0969 | D_B: 0.0715 | Cycle: 0.4359 | Identity: 0.4730
2026-10-05 22:14:06,553 | Epoch [31/150] Step [500/5630] | G: 3.6277 | D_A: 0.1382 | D_B: 0.0206 | Cycle: 0.1774 | Identity: 0.1306
2026-10-05 22:14:42,693 | Epoch [31/150] Step [1000/5630] | G: 2.5506 | D_A: 0.2143 | D_B: 0.1236 | Cycle: 0.1423 | Identity: 0.0965
2026-10-05 22:15:20,207 | Epoch [31/150] Step [1500/5630] | G: 3.9876 | D_A: 0.0628 | D_B: 0.1632 | Cycle: 0.1446 | Identity: 0.1391
2026-10-05 22:15:56,305 | Epoch [31/150] Step [2000/5630] | G: 3.4220 | D_A: 0.1420 | D_B: 0.1259 | Cycle: 0.1652 | Identity: 0.1117
2026-10-05 22:16:32,557 | Epoch [31/150] Step [2500/5630] | G: 3.3423 | D_A: 0.2523 | D_B: 0.1012 | Cycle: 0.1834 | Identity: 0.1681
2026-10-05 22:17:09,672 | Epoch [31/150] Step [3000/5630] | G: 3.2900 | D_A: 0.2548 | D_B: 0.1032 | Cycle: 0.2179 | Identity: 0.1534
2026-10-05 22:17:45,798 | Epoch [31/150] Step [3500/5630] | G: 3.8177 | D_A: 0.2999 | D_B: 0.0858 | Cycle: 0.1768 | Identity: 0.1131
2026-10-05 22:18:21,969 | Epoch [31/150] Step [4000/5630] | G: 3.7276 | D_A: 0.2095 | D_B: 0.0552 | Cycle: 0.2076 | Identity: 0.1700
2026-10-05 22:18:59,130 | Epoch [31/150] Step [4500/5630] | G: 3.9706 | D_A: 0.2460 | D_B: 0.0855 | Cycle: 0.1812 | Identity: 0.1702
2026-10-05 22:19:36,581 | Epoch [31/150] Step [5000/5630] | G: 3.1310 | D_A: 0.2404 | D_B: 0.0531 | Cycle: 0.1321 | Identity: 0.1010
2026-10-05 22:20:14,141 | Epoch [31/150] Step [5500/5630] | G: 2.5945 | D_A: 0.1291 | D_B: 0.1124 | Cycle: 0.1162 | Identity: 0.0856
2026-10-05 22:20:24,777 | Epoch [31/150] done in 6.91 min | G: 3.5298 | D_A: 0.1788 | D_B: 0.0904 | Cycle: 0.1692 | Identity: 0.1350 | lr_G: 0.0002000
2026-10-05 22:20:27,093 | Epoch [32/150] Step [1/5630] | G: 3.0893 | D_A: 0.1997 | D_B: 0.1054 | Cycle: 0.1620 | Identity: 0.1328
2026-10-05 22:21:05,488 | Epoch [32/150] Step [500/5630] | G: 3.1811 | D_A: 0.1414 | D_B: 0.0430 | Cycle: 0.1216 | Identity: 0.0902
2026-10-05 22:21:41,799 | Epoch [32/150] Step [1000/5630] | G: 3.2367 | D_A: 0.1898 | D_B: 0.0419 | Cycle: 0.1348 | Identity: 0.1068
2026-10-05 22:22:18,016 | Epoch [32/150] Step [1500/5630] | G: 3.2543 | D_A: 0.2348 | D_B: 0.0306 | Cycle: 0.1629 | Identity: 0.0843
2026-10-05 22:22:54,912 | Epoch [32/150] Step [2000/5630] | G: 3.5921 | D_A: 0.0696 | D_B: 0.3252 | Cycle: 0.1522 | Identity: 0.1778
2026-10-05 22:23:32,426 | Epoch [32/150] Step [2500/5630] | G: 2.3589 | D_A: 0.3548 | D_B: 0.1136 | Cycle: 0.1305 | Identity: 0.0860
2026-10-05 22:24:09,990 | Epoch [32/150] Step [3000/5630] | G: 4.1047 | D_A: 0.1969 | D_B: 0.0285 | Cycle: 0.1669 | Identity: 0.1567
2026-10-05 22:24:46,142 | Epoch [32/150] Step [3500/5630] | G: 2.7662 | D_A: 0.1995 | D_B: 0.0755 | Cycle: 0.1384 | Identity: 0.0967
2026-10-05 22:25:22,286 | Epoch [32/150] Step [4000/5630] | G: 2.9364 | D_A: 0.2545 | D_B: 0.0894 | Cycle: 0.1443 | Identity: 0.1275
2026-10-05 22:25:58,452 | Epoch [32/150] Step [4500/5630] | G: 3.2879 | D_A: 0.2723 | D_B: 0.0773 | Cycle: 0.1074 | Identity: 0.0857
2026-10-05 22:26:34,584 | Epoch [32/150] Step [5000/5630] | G: 3.9495 | D_A: 0.0628 | D_B: 0.0836 | Cycle: 0.2090 | Identity: 0.1868
2026-10-05 22:27:10,819 | Epoch [32/150] Step [5500/5630] | G: 3.3617 | D_A: 0.2342 | D_B: 0.0472 | Cycle: 0.1692 | Identity: 0.1205
2026-10-05 22:27:20,296 | Epoch [32/150] done in 6.89 min | G: 3.5082 | D_A: 0.1787 | D_B: 0.0882 | Cycle: 0.1682 | Identity: 0.1335 | lr_G: 0.0002000
2026-10-05 22:27:21,802 | Epoch [33/150] Step [1/5630] | G: 3.3169 | D_A: 0.2658 | D_B: 0.0805 | Cycle: 0.1708 | Identity: 0.1438
2026-10-05 22:27:57,931 | Epoch [33/150] Step [500/5630] | G: 2.7285 | D_A: 0.1645 | D_B: 0.0335 | Cycle: 0.1465 | Identity: 0.1134
2026-10-05 22:28:34,206 | Epoch [33/150] Step [1000/5630] | G: 2.9190 | D_A: 0.1902 | D_B: 0.0623 | Cycle: 0.1497 | Identity: 0.1157
2026-10-05 22:29:10,738 | Epoch [33/150] Step [1500/5630] | G: 2.5289 | D_A: 0.3235 | D_B: 0.2047 | Cycle: 0.1345 | Identity: 0.1226
2026-10-05 22:29:47,105 | Epoch [33/150] Step [2000/5630] | G: 4.6500 | D_A: 0.1158 | D_B: 0.0987 | Cycle: 0.2654 | Identity: 0.1495
2026-10-05 22:30:23,201 | Epoch [33/150] Step [2500/5630] | G: 3.2682 | D_A: 0.1328 | D_B: 0.0744 | Cycle: 0.1586 | Identity: 0.1391
2026-10-05 22:30:59,377 | Epoch [33/150] Step [3000/5630] | G: 5.0403 | D_A: 0.0560 | D_B: 0.0773 | Cycle: 0.2534 | Identity: 0.2625
2026-10-05 22:31:36,141 | Epoch [33/150] Step [3500/5630] | G: 4.4901 | D_A: 0.1920 | D_B: 0.0731 | Cycle: 0.2556 | Identity: 0.2148
2026-10-05 22:32:12,419 | Epoch [33/150] Step [4000/5630] | G: 3.0439 | D_A: 0.0896 | D_B: 0.1281 | Cycle: 0.1529 | Identity: 0.0927
2026-10-05 22:32:48,550 | Epoch [33/150] Step [4500/5630] | G: 3.8465 | D_A: 0.1275 | D_B: 0.0478 | Cycle: 0.1837 | Identity: 0.1091
2026-10-05 22:33:24,920 | Epoch [33/150] Step [5000/5630] | G: 3.0394 | D_A: 0.1721 | D_B: 0.1011 | Cycle: 0.1298 | Identity: 0.0948
2026-10-05 22:34:01,062 | Epoch [33/150] Step [5500/5630] | G: 4.5335 | D_A: 0.0692 | D_B: 0.0699 | Cycle: 0.2240 | Identity: 0.0953
2026-10-05 22:34:10,445 | Epoch [33/150] done in 6.81 min | G: 3.5107 | D_A: 0.1776 | D_B: 0.0854 | Cycle: 0.1673 | Identity: 0.1326 | lr_G: 0.0002000
2026-10-05 22:34:11,887 | Epoch [34/150] Step [1/5630] | G: 3.5854 | D_A: 0.2270 | D_B: 0.0746 | Cycle: 0.1816 | Identity: 0.1348
2026-10-05 22:34:48,127 | Epoch [34/150] Step [500/5630] | G: 2.8663 | D_A: 0.1153 | D_B: 0.1234 | Cycle: 0.1424 | Identity: 0.1276
2026-10-05 22:35:24,185 | Epoch [34/150] Step [1000/5630] | G: 3.4566 | D_A: 0.2665 | D_B: 0.0733 | Cycle: 0.1688 | Identity: 0.1180
2026-10-05 22:36:00,245 | Epoch [34/150] Step [1500/5630] | G: 3.4087 | D_A: 0.2499 | D_B: 0.0234 | Cycle: 0.1808 | Identity: 0.1323
2026-10-05 22:36:36,389 | Epoch [34/150] Step [2000/5630] | G: 3.7807 | D_A: 0.1501 | D_B: 0.0593 | Cycle: 0.2002 | Identity: 0.1664
2026-10-05 22:37:12,479 | Epoch [34/150] Step [2500/5630] | G: 3.2536 | D_A: 0.1084 | D_B: 0.0215 | Cycle: 0.1629 | Identity: 0.1578
2026-10-05 22:37:48,629 | Epoch [34/150] Step [3000/5630] | G: 3.1437 | D_A: 0.2718 | D_B: 0.0680 | Cycle: 0.1602 | Identity: 0.0984
2026-10-05 22:38:24,781 | Epoch [34/150] Step [3500/5630] | G: 3.4560 | D_A: 0.2375 | D_B: 0.0456 | Cycle: 0.1695 | Identity: 0.1259
2026-10-05 22:39:01,029 | Epoch [34/150] Step [4000/5630] | G: 3.2954 | D_A: 0.3328 | D_B: 0.0961 | Cycle: 0.1782 | Identity: 0.1570
2026-10-05 22:39:37,374 | Epoch [34/150] Step [4500/5630] | G: 3.5781 | D_A: 0.0651 | D_B: 0.0671 | Cycle: 0.1582 | Identity: 0.1140
2026-10-05 22:40:13,856 | Epoch [34/150] Step [5000/5630] | G: 3.4913 | D_A: 0.1169 | D_B: 0.0472 | Cycle: 0.1550 | Identity: 0.1455
2026-10-05 22:40:49,945 | Epoch [34/150] Step [5500/5630] | G: 2.6718 | D_A: 0.1993 | D_B: 0.0479 | Cycle: 0.1134 | Identity: 0.0924
2026-10-05 22:40:59,341 | Epoch [34/150] done in 6.79 min | G: 3.4743 | D_A: 0.1795 | D_B: 0.0838 | Cycle: 0.1649 | Identity: 0.1307 | lr_G: 0.0002000
2026-10-05 22:41:00,823 | Epoch [35/150] Step [1/5630] | G: 3.9955 | D_A: 0.1802 | D_B: 0.0954 | Cycle: 0.1773 | Identity: 0.1470
2026-10-05 22:41:36,937 | Epoch [35/150] Step [500/5630] | G: 3.4256 | D_A: 0.2301 | D_B: 0.0801 | Cycle: 0.1434 | Identity: 0.1113
2026-10-05 22:42:12,988 | Epoch [35/150] Step [1000/5630] | G: 3.3089 | D_A: 0.0708 | D_B: 0.0940 | Cycle: 0.1177 | Identity: 0.1012
2026-10-05 22:42:49,853 | Epoch [35/150] Step [1500/5630] | G: 3.8860 | D_A: 0.2745 | D_B: 0.0585 | Cycle: 0.2068 | Identity: 0.1575
2026-10-05 22:43:25,952 | Epoch [35/150] Step [2000/5630] | G: 2.4466 | D_A: 0.1692 | D_B: 0.0939 | Cycle: 0.1177 | Identity: 0.0930
2026-10-05 22:44:02,247 | Epoch [35/150] Step [2500/5630] | G: 3.5577 | D_A: 0.1247 | D_B: 0.0629 | Cycle: 0.1613 | Identity: 0.1053
2026-10-05 22:44:38,442 | Epoch [35/150] Step [3000/5630] | G: 3.7932 | D_A: 0.1371 | D_B: 0.1172 | Cycle: 0.1826 | Identity: 0.1917
2026-10-05 22:45:14,542 | Epoch [35/150] Step [3500/5630] | G: 3.1256 | D_A: 0.2353 | D_B: 0.0480 | Cycle: 0.1368 | Identity: 0.1258
2026-10-05 22:45:50,633 | Epoch [35/150] Step [4000/5630] | G: 4.8951 | D_A: 0.1119 | D_B: 0.0533 | Cycle: 0.2078 | Identity: 0.2416
2026-10-05 22:46:26,704 | Epoch [35/150] Step [4500/5630] | G: 3.1211 | D_A: 0.1013 | D_B: 0.0331 | Cycle: 0.1725 | Identity: 0.1009
2026-10-05 22:47:02,854 | Epoch [35/150] Step [5000/5630] | G: 7.7307 | D_A: 0.1411 | D_B: 0.0286 | Cycle: 0.3949 | Identity: 0.3904
2026-10-05 22:47:39,082 | Epoch [35/150] Step [5500/5630] | G: 4.1507 | D_A: 0.1112 | D_B: 0.0389 | Cycle: 0.1704 | Identity: 0.1558
2026-10-05 22:47:48,462 | Epoch [35/150] done in 6.80 min | G: 3.4730 | D_A: 0.1778 | D_B: 0.0827 | Cycle: 0.1642 | Identity: 0.1293 | lr_G: 0.0002000
2026-10-05 22:47:51,984 | Epoch [35/150] local FID: 98.0968
2026-10-05 22:47:52,375 | New best FID 98.0968, saved best_fid.pth
2026-10-05 22:47:55,479 | Epoch [36/150] Step [1/5630] | G: 5.2264 | D_A: 0.0374 | D_B: 0.0363 | Cycle: 0.2849 | Identity: 0.1202
2026-10-05 22:48:31,604 | Epoch [36/150] Step [500/5630] | G: 4.2262 | D_A: 0.0870 | D_B: 0.0623 | Cycle: 0.1772 | Identity: 0.1574
2026-10-05 22:49:08,675 | Epoch [36/150] Step [1000/5630] | G: 3.3556 | D_A: 0.1998 | D_B: 0.0805 | Cycle: 0.1761 | Identity: 0.1245
2026-10-05 22:49:45,035 | Epoch [36/150] Step [1500/5630] | G: 3.0539 | D_A: 0.3689 | D_B: 0.0383 | Cycle: 0.1444 | Identity: 0.1061
2026-10-05 22:50:21,224 | Epoch [36/150] Step [2000/5630] | G: 3.0085 | D_A: 0.2146 | D_B: 0.1069 | Cycle: 0.1398 | Identity: 0.1134
2026-10-05 22:50:57,541 | Epoch [36/150] Step [2500/5630] | G: 2.6834 | D_A: 0.1568 | D_B: 0.0956 | Cycle: 0.1208 | Identity: 0.1010
2026-10-05 22:51:33,696 | Epoch [36/150] Step [3000/5630] | G: 4.4459 | D_A: 0.1576 | D_B: 0.0276 | Cycle: 0.2365 | Identity: 0.1645
2026-10-05 22:52:10,002 | Epoch [36/150] Step [3500/5630] | G: 4.5281 | D_A: 0.2623 | D_B: 0.0702 | Cycle: 0.2045 | Identity: 0.1719
2026-10-05 22:52:46,435 | Epoch [36/150] Step [4000/5630] | G: 2.9619 | D_A: 0.2443 | D_B: 0.0596 | Cycle: 0.1330 | Identity: 0.1364
2026-10-05 22:53:22,523 | Epoch [36/150] Step [4500/5630] | G: 2.9050 | D_A: 0.0674 | D_B: 0.0276 | Cycle: 0.1251 | Identity: 0.1033
2026-10-05 22:53:58,608 | Epoch [36/150] Step [5000/5630] | G: 4.4367 | D_A: 0.1724 | D_B: 0.0650 | Cycle: 0.1826 | Identity: 0.1438
2026-10-05 22:54:34,704 | Epoch [36/150] Step [5500/5630] | G: 3.4746 | D_A: 0.2399 | D_B: 0.0413 | Cycle: 0.1463 | Identity: 0.1080
2026-10-05 22:54:44,095 | Epoch [36/150] done in 6.82 min | G: 3.4553 | D_A: 0.1769 | D_B: 0.0799 | Cycle: 0.1628 | Identity: 0.1277 | lr_G: 0.0002000
2026-10-05 22:54:45,523 | Epoch [37/150] Step [1/5630] | G: 4.3767 | D_A: 0.0503 | D_B: 0.0466 | Cycle: 0.1774 | Identity: 0.1214
2026-10-05 22:55:21,581 | Epoch [37/150] Step [500/5630] | G: 2.8865 | D_A: 0.1447 | D_B: 0.1542 | Cycle: 0.1131 | Identity: 0.0894
2026-10-05 22:55:57,701 | Epoch [37/150] Step [1000/5630] | G: 3.3063 | D_A: 0.2827 | D_B: 0.0550 | Cycle: 0.1499 | Identity: 0.1165
2026-10-05 22:56:34,182 | Epoch [37/150] Step [1500/5630] | G: 3.4512 | D_A: 0.1433 | D_B: 0.0394 | Cycle: 0.1370 | Identity: 0.1057
2026-10-05 22:57:10,245 | Epoch [37/150] Step [2000/5630] | G: 3.6065 | D_A: 0.1089 | D_B: 0.1020 | Cycle: 0.1707 | Identity: 0.1205
2026-10-05 22:57:46,410 | Epoch [37/150] Step [2500/5630] | G: 3.0610 | D_A: 0.2264 | D_B: 0.1497 | Cycle: 0.1344 | Identity: 0.0962
2026-10-05 22:58:23,121 | Epoch [37/150] Step [3000/5630] | G: 5.1088 | D_A: 0.1527 | D_B: 0.2575 | Cycle: 0.2568 | Identity: 0.2703
2026-10-05 22:58:59,165 | Epoch [37/150] Step [3500/5630] | G: 3.5485 | D_A: 0.2811 | D_B: 0.0711 | Cycle: 0.1766 | Identity: 0.1623
2026-10-05 22:59:35,412 | Epoch [37/150] Step [4000/5630] | G: 3.3362 | D_A: 0.2261 | D_B: 0.0546 | Cycle: 0.1478 | Identity: 0.1156
2026-10-05 23:00:11,852 | Epoch [37/150] Step [4500/5630] | G: 2.8082 | D_A: 0.1923 | D_B: 0.1354 | Cycle: 0.1250 | Identity: 0.1030
2026-10-05 23:00:48,003 | Epoch [37/150] Step [5000/5630] | G: 2.9736 | D_A: 0.1987 | D_B: 0.0700 | Cycle: 0.1323 | Identity: 0.1224
2026-10-05 23:01:24,226 | Epoch [37/150] Step [5500/5630] | G: 3.2250 | D_A: 0.1386 | D_B: 0.0647 | Cycle: 0.1496 | Identity: 0.0908
2026-10-05 23:01:33,613 | Epoch [37/150] done in 6.80 min | G: 3.4494 | D_A: 0.1780 | D_B: 0.0791 | Cycle: 0.1617 | Identity: 0.1267 | lr_G: 0.0002000
2026-10-05 23:01:35,049 | Epoch [38/150] Step [1/5630] | G: 3.5459 | D_A: 0.1170 | D_B: 0.0287 | Cycle: 0.1548 | Identity: 0.1174
2026-10-05 23:02:11,105 | Epoch [38/150] Step [500/5630] | G: 2.6483 | D_A: 0.1109 | D_B: 0.0690 | Cycle: 0.1225 | Identity: 0.0817
2026-10-05 23:02:47,274 | Epoch [38/150] Step [1000/5630] | G: 4.0985 | D_A: 0.1313 | D_B: 0.1040 | Cycle: 0.2394 | Identity: 0.1645
2026-10-05 23:03:23,354 | Epoch [38/150] Step [1500/5630] | G: 3.4213 | D_A: 0.1957 | D_B: 0.0537 | Cycle: 0.1682 | Identity: 0.1373
2026-10-05 23:03:59,423 | Epoch [38/150] Step [2000/5630] | G: 4.0500 | D_A: 0.1998 | D_B: 0.0429 | Cycle: 0.1410 | Identity: 0.1129
2026-10-05 23:04:35,530 | Epoch [38/150] Step [2500/5630] | G: 3.6351 | D_A: 0.0814 | D_B: 0.0476 | Cycle: 0.1444 | Identity: 0.1696
2026-10-05 23:05:11,658 | Epoch [38/150] Step [3000/5630] | G: 3.1029 | D_A: 0.0712 | D_B: 0.0348 | Cycle: 0.1480 | Identity: 0.0949
2026-10-05 23:05:47,685 | Epoch [38/150] Step [3500/5630] | G: 2.9461 | D_A: 0.2952 | D_B: 0.1635 | Cycle: 0.1310 | Identity: 0.0998
2026-10-05 23:06:23,763 | Epoch [38/150] Step [4000/5630] | G: 3.8350 | D_A: 0.1218 | D_B: 0.0576 | Cycle: 0.1785 | Identity: 0.1300
2026-10-05 23:06:59,801 | Epoch [38/150] Step [4500/5630] | G: 3.3867 | D_A: 0.1418 | D_B: 0.0814 | Cycle: 0.1590 | Identity: 0.1252
2026-10-05 23:07:35,938 | Epoch [38/150] Step [5000/5630] | G: 3.1729 | D_A: 0.1086 | D_B: 0.1306 | Cycle: 0.1293 | Identity: 0.1150
2026-10-05 23:08:12,161 | Epoch [38/150] Step [5500/5630] | G: 2.9595 | D_A: 0.1563 | D_B: 0.0699 | Cycle: 0.1656 | Identity: 0.1140
2026-10-05 23:08:21,591 | Epoch [38/150] done in 6.78 min | G: 3.4323 | D_A: 0.1764 | D_B: 0.0779 | Cycle: 0.1606 | Identity: 0.1258 | lr_G: 0.0002000
2026-10-05 23:08:23,046 | Epoch [39/150] Step [1/5630] | G: 3.4241 | D_A: 0.0636 | D_B: 0.1532 | Cycle: 0.1829 | Identity: 0.1246
2026-10-05 23:08:58,994 | Epoch [39/150] Step [500/5630] | G: 3.3318 | D_A: 0.2201 | D_B: 0.0411 | Cycle: 0.1499 | Identity: 0.1071
2026-10-05 23:09:35,050 | Epoch [39/150] Step [1000/5630] | G: 3.6182 | D_A: 0.2516 | D_B: 0.1213 | Cycle: 0.1764 | Identity: 0.1057
2026-10-05 23:10:11,116 | Epoch [39/150] Step [1500/5630] | G: 3.4669 | D_A: 0.1338 | D_B: 0.1608 | Cycle: 0.1351 | Identity: 0.1014
2026-10-05 23:10:47,176 | Epoch [39/150] Step [2000/5630] | G: 4.3579 | D_A: 0.0818 | D_B: 0.0647 | Cycle: 0.2792 | Identity: 0.1143
2026-10-05 23:11:24,748 | Epoch [39/150] Step [2500/5630] | G: 3.3369 | D_A: 0.1058 | D_B: 0.0367 | Cycle: 0.1602 | Identity: 0.1173
2026-10-05 23:12:00,856 | Epoch [39/150] Step [3000/5630] | G: 3.7050 | D_A: 0.2348 | D_B: 0.0452 | Cycle: 0.2007 | Identity: 0.1830
2026-10-05 23:12:37,538 | Epoch [39/150] Step [3500/5630] | G: 3.2164 | D_A: 0.0881 | D_B: 0.1303 | Cycle: 0.1460 | Identity: 0.1843
2026-10-05 23:13:13,721 | Epoch [39/150] Step [4000/5630] | G: 2.5242 | D_A: 0.1064 | D_B: 0.0539 | Cycle: 0.1431 | Identity: 0.0869
2026-10-05 23:13:49,813 | Epoch [39/150] Step [4500/5630] | G: 3.1691 | D_A: 0.2618 | D_B: 0.0529 | Cycle: 0.1592 | Identity: 0.0984
2026-10-05 23:14:25,892 | Epoch [39/150] Step [5000/5630] | G: 3.2249 | D_A: 0.3000 | D_B: 0.0496 | Cycle: 0.1536 | Identity: 0.1178
2026-10-05 23:15:02,216 | Epoch [39/150] Step [5500/5630] | G: 4.5553 | D_A: 0.1570 | D_B: 0.1219 | Cycle: 0.1852 | Identity: 0.1472
2026-10-05 23:15:11,620 | Epoch [39/150] done in 6.81 min | G: 3.4258 | D_A: 0.1757 | D_B: 0.0779 | Cycle: 0.1596 | Identity: 0.1246 | lr_G: 0.0002000
2026-10-05 23:15:13,889 | Epoch [40/150] Step [1/5630] | G: 3.3859 | D_A: 0.1753 | D_B: 0.0497 | Cycle: 0.1429 | Identity: 0.1277
2026-10-05 23:15:49,927 | Epoch [40/150] Step [500/5630] | G: 6.2248 | D_A: 0.0375 | D_B: 0.0285 | Cycle: 0.3511 | Identity: 0.3013
2026-10-05 23:16:26,405 | Epoch [40/150] Step [1000/5630] | G: 3.7948 | D_A: 0.1477 | D_B: 0.0527 | Cycle: 0.1489 | Identity: 0.1423
2026-10-05 23:17:02,594 | Epoch [40/150] Step [1500/5630] | G: 3.5021 | D_A: 0.2378 | D_B: 0.0239 | Cycle: 0.1639 | Identity: 0.1225
2026-10-05 23:17:38,696 | Epoch [40/150] Step [2000/5630] | G: 2.9395 | D_A: 0.1298 | D_B: 0.0824 | Cycle: 0.1037 | Identity: 0.0771
2026-10-05 23:18:14,925 | Epoch [40/150] Step [2500/5630] | G: 2.7433 | D_A: 0.2482 | D_B: 0.0862 | Cycle: 0.1703 | Identity: 0.0729
2026-10-05 23:18:50,979 | Epoch [40/150] Step [3000/5630] | G: 2.9757 | D_A: 0.2708 | D_B: 0.0306 | Cycle: 0.1473 | Identity: 0.0989
2026-10-05 23:19:27,730 | Epoch [40/150] Step [3500/5630] | G: 4.2603 | D_A: 0.2158 | D_B: 0.0759 | Cycle: 0.1625 | Identity: 0.1296
2026-10-05 23:20:04,119 | Epoch [40/150] Step [4000/5630] | G: 3.7678 | D_A: 0.3035 | D_B: 0.1065 | Cycle: 0.2302 | Identity: 0.1395
2026-10-05 23:20:40,272 | Epoch [40/150] Step [4500/5630] | G: 4.5622 | D_A: 0.1079 | D_B: 0.0346 | Cycle: 0.2172 | Identity: 0.2878
2026-10-05 23:21:16,314 | Epoch [40/150] Step [5000/5630] | G: 3.5815 | D_A: 0.1898 | D_B: 0.0697 | Cycle: 0.1987 | Identity: 0.1668
2026-10-05 23:21:52,531 | Epoch [40/150] Step [5500/5630] | G: 3.4339 | D_A: 0.1412 | D_B: 0.0674 | Cycle: 0.1700 | Identity: 0.1125
2026-10-05 23:22:01,935 | Epoch [40/150] done in 6.81 min | G: 3.4080 | D_A: 0.1767 | D_B: 0.0748 | Cycle: 0.1582 | Identity: 0.1230 | lr_G: 0.0002000
2026-10-05 23:22:05,335 | Epoch [40/150] local FID: 105.0118
2026-10-05 23:22:08,424 | Epoch [41/150] Step [1/5630] | G: 2.9026 | D_A: 0.2301 | D_B: 0.1368 | Cycle: 0.1420 | Identity: 0.1151
2026-10-05 23:22:44,486 | Epoch [41/150] Step [500/5630] | G: 2.7781 | D_A: 0.3208 | D_B: 0.0301 | Cycle: 0.1204 | Identity: 0.0994
2026-10-05 23:23:20,567 | Epoch [41/150] Step [1000/5630] | G: 2.5704 | D_A: 0.2412 | D_B: 0.0836 | Cycle: 0.1340 | Identity: 0.0904
2026-10-05 23:23:56,716 | Epoch [41/150] Step [1500/5630] | G: 3.0007 | D_A: 0.1768 | D_B: 0.1686 | Cycle: 0.1806 | Identity: 0.1171
2026-10-05 23:24:34,030 | Epoch [41/150] Step [2000/5630] | G: 3.0304 | D_A: 0.2927 | D_B: 0.0655 | Cycle: 0.1482 | Identity: 0.0908
2026-10-05 23:25:10,262 | Epoch [41/150] Step [2500/5630] | G: 2.9369 | D_A: 0.1600 | D_B: 0.1206 | Cycle: 0.1226 | Identity: 0.1191
2026-10-05 23:25:46,446 | Epoch [41/150] Step [3000/5630] | G: 3.0386 | D_A: 0.2401 | D_B: 0.0947 | Cycle: 0.1395 | Identity: 0.1342
2026-10-05 23:26:23,277 | Epoch [41/150] Step [3500/5630] | G: 3.0617 | D_A: 0.2018 | D_B: 0.0857 | Cycle: 0.1379 | Identity: 0.0795
2026-10-05 23:27:00,883 | Epoch [41/150] Step [4000/5630] | G: 4.4758 | D_A: 0.1169 | D_B: 0.0447 | Cycle: 0.2342 | Identity: 0.1335
2026-10-05 23:27:37,904 | Epoch [41/150] Step [4500/5630] | G: 2.9724 | D_A: 0.1421 | D_B: 0.0495 | Cycle: 0.1293 | Identity: 0.0863
2026-10-05 23:28:14,092 | Epoch [41/150] Step [5000/5630] | G: 4.1760 | D_A: 0.1393 | D_B: 0.0381 | Cycle: 0.1973 | Identity: 0.1637
2026-10-05 23:28:50,691 | Epoch [41/150] Step [5500/5630] | G: 2.6535 | D_A: 0.1735 | D_B: 0.1246 | Cycle: 0.1113 | Identity: 0.0770
2026-10-05 23:29:00,102 | Epoch [41/150] done in 6.87 min | G: 3.3854 | D_A: 0.1766 | D_B: 0.0741 | Cycle: 0.1568 | Identity: 0.1215 | lr_G: 0.0002000
2026-10-05 23:29:02,385 | Epoch [42/150] Step [1/5630] | G: 3.3156 | D_A: 0.3532 | D_B: 0.1121 | Cycle: 0.1655 | Identity: 0.1061
2026-10-05 23:29:38,967 | Epoch [42/150] Step [500/5630] | G: 2.8102 | D_A: 0.0436 | D_B: 0.0402 | Cycle: 0.1615 | Identity: 0.0864
2026-10-05 23:30:15,075 | Epoch [42/150] Step [1000/5630] | G: 4.0049 | D_A: 0.3056 | D_B: 0.0667 | Cycle: 0.2250 | Identity: 0.1343
2026-10-05 23:30:51,273 | Epoch [42/150] Step [1500/5630] | G: 2.9526 | D_A: 0.1450 | D_B: 0.0305 | Cycle: 0.1239 | Identity: 0.0750
2026-10-05 23:31:27,496 | Epoch [42/150] Step [2000/5630] | G: 3.8092 | D_A: 0.2381 | D_B: 0.0318 | Cycle: 0.1775 | Identity: 0.1156
2026-10-05 23:32:03,623 | Epoch [42/150] Step [2500/5630] | G: 2.7257 | D_A: 0.1408 | D_B: 0.0444 | Cycle: 0.1159 | Identity: 0.0787
2026-10-05 23:32:40,323 | Epoch [42/150] Step [3000/5630] | G: 3.2197 | D_A: 0.1450 | D_B: 0.0553 | Cycle: 0.1397 | Identity: 0.0864
2026-10-05 23:33:16,746 | Epoch [42/150] Step [3500/5630] | G: 3.8623 | D_A: 0.0631 | D_B: 0.1069 | Cycle: 0.1397 | Identity: 0.1277
2026-10-05 23:33:52,956 | Epoch [42/150] Step [4000/5630] | G: 4.6433 | D_A: 0.2194 | D_B: 0.0435 | Cycle: 0.2864 | Identity: 0.0818
2026-10-05 23:34:29,616 | Epoch [42/150] Step [4500/5630] | G: 3.1988 | D_A: 0.1698 | D_B: 0.0532 | Cycle: 0.1620 | Identity: 0.1163
2026-10-05 23:35:06,045 | Epoch [42/150] Step [5000/5630] | G: 4.0504 | D_A: 0.1016 | D_B: 0.1090 | Cycle: 0.2125 | Identity: 0.1805
2026-10-05 23:35:43,435 | Epoch [42/150] Step [5500/5630] | G: 3.3860 | D_A: 0.1497 | D_B: 0.0625 | Cycle: 0.1714 | Identity: 0.1154
2026-10-05 23:35:53,227 | Epoch [42/150] done in 6.85 min | G: 3.3851 | D_A: 0.1767 | D_B: 0.0727 | Cycle: 0.1565 | Identity: 0.1212 | lr_G: 0.0002000
2026-10-05 23:35:55,441 | Epoch [43/150] Step [1/5630] | G: 3.3374 | D_A: 0.1029 | D_B: 0.0427 | Cycle: 0.1661 | Identity: 0.1209
2026-10-05 23:36:31,776 | Epoch [43/150] Step [500/5630] | G: 3.9682 | D_A: 0.2440 | D_B: 0.0580 | Cycle: 0.1955 | Identity: 0.1357
2026-10-05 23:37:08,514 | Epoch [43/150] Step [1000/5630] | G: 4.7445 | D_A: 0.2069 | D_B: 0.0329 | Cycle: 0.2499 | Identity: 0.1524
2026-10-05 23:37:44,547 | Epoch [43/150] Step [1500/5630] | G: 3.2416 | D_A: 0.1666 | D_B: 0.0604 | Cycle: 0.1319 | Identity: 0.1011
2026-10-05 23:38:21,257 | Epoch [43/150] Step [2000/5630] | G: 3.3812 | D_A: 0.0518 | D_B: 0.0564 | Cycle: 0.1319 | Identity: 0.0881
2026-10-05 23:38:57,356 | Epoch [43/150] Step [2500/5630] | G: 3.8348 | D_A: 0.1895 | D_B: 0.0578 | Cycle: 0.1736 | Identity: 0.1033
2026-10-05 23:39:33,512 | Epoch [43/150] Step [3000/5630] | G: 4.7137 | D_A: 0.1379 | D_B: 0.0488 | Cycle: 0.2023 | Identity: 0.2203
2026-10-05 23:40:09,655 | Epoch [43/150] Step [3500/5630] | G: 5.6355 | D_A: 0.3249 | D_B: 0.0612 | Cycle: 0.2343 | Identity: 0.3496
2026-10-05 23:40:45,833 | Epoch [43/150] Step [4000/5630] | G: 5.4235 | D_A: 0.1144 | D_B: 0.0388 | Cycle: 0.2371 | Identity: 0.1434
2026-10-05 23:41:21,964 | Epoch [43/150] Step [4500/5630] | G: 3.5520 | D_A: 0.2710 | D_B: 0.0382 | Cycle: 0.1577 | Identity: 0.1254
2026-10-05 23:41:58,139 | Epoch [43/150] Step [5000/5630] | G: 3.3812 | D_A: 0.3332 | D_B: 0.0406 | Cycle: 0.1409 | Identity: 0.1113
2026-10-05 23:42:34,542 | Epoch [43/150] Step [5500/5630] | G: 2.5134 | D_A: 0.1133 | D_B: 0.1219 | Cycle: 0.1159 | Identity: 0.1046
2026-10-05 23:42:44,000 | Epoch [43/150] done in 6.81 min | G: 3.3723 | D_A: 0.1759 | D_B: 0.0729 | Cycle: 0.1549 | Identity: 0.1202 | lr_G: 0.0002000
2026-10-05 23:42:46,134 | Epoch [44/150] Step [1/5630] | G: 2.8441 | D_A: 0.1448 | D_B: 0.1086 | Cycle: 0.1378 | Identity: 0.0859
2026-10-05 23:43:22,152 | Epoch [44/150] Step [500/5630] | G: 2.7186 | D_A: 0.2467 | D_B: 0.0527 | Cycle: 0.1384 | Identity: 0.0914
2026-10-05 23:43:58,283 | Epoch [44/150] Step [1000/5630] | G: 3.2725 | D_A: 0.1434 | D_B: 0.0847 | Cycle: 0.1436 | Identity: 0.1154
2026-10-05 23:44:34,325 | Epoch [44/150] Step [1500/5630] | G: 2.8749 | D_A: 0.1662 | D_B: 0.0454 | Cycle: 0.1273 | Identity: 0.0992
2026-10-05 23:45:10,847 | Epoch [44/150] Step [2000/5630] | G: 3.6204 | D_A: 0.1971 | D_B: 0.0793 | Cycle: 0.1672 | Identity: 0.1198
2026-10-05 23:45:47,001 | Epoch [44/150] Step [2500/5630] | G: 3.7976 | D_A: 0.3343 | D_B: 0.0560 | Cycle: 0.1872 | Identity: 0.1556
2026-10-05 23:46:23,078 | Epoch [44/150] Step [3000/5630] | G: 4.3600 | D_A: 0.2495 | D_B: 0.0394 | Cycle: 0.2063 | Identity: 0.1044
2026-10-05 23:46:59,200 | Epoch [44/150] Step [3500/5630] | G: 3.4790 | D_A: 0.1187 | D_B: 0.0828 | Cycle: 0.1312 | Identity: 0.1111
2026-10-05 23:47:35,582 | Epoch [44/150] Step [4000/5630] | G: 2.9320 | D_A: 0.1133 | D_B: 0.0892 | Cycle: 0.1532 | Identity: 0.1112
2026-10-05 23:48:11,853 | Epoch [44/150] Step [4500/5630] | G: 3.4155 | D_A: 0.0717 | D_B: 0.0834 | Cycle: 0.1520 | Identity: 0.1621
2026-10-05 23:48:48,053 | Epoch [44/150] Step [5000/5630] | G: 3.1301 | D_A: 0.1977 | D_B: 0.0947 | Cycle: 0.1643 | Identity: 0.1076
2026-10-05 23:49:24,233 | Epoch [44/150] Step [5500/5630] | G: 3.9184 | D_A: 0.1778 | D_B: 0.0361 | Cycle: 0.1626 | Identity: 0.1194
2026-10-05 23:49:33,764 | Epoch [44/150] done in 6.80 min | G: 3.3598 | D_A: 0.1770 | D_B: 0.0726 | Cycle: 0.1547 | Identity: 0.1186 | lr_G: 0.0002000
2026-10-05 23:49:35,227 | Epoch [45/150] Step [1/5630] | G: 2.9039 | D_A: 0.2981 | D_B: 0.0271 | Cycle: 0.1436 | Identity: 0.0967
2026-10-05 23:50:11,417 | Epoch [45/150] Step [500/5630] | G: 3.8419 | D_A: 0.0518 | D_B: 0.0335 | Cycle: 0.1899 | Identity: 0.1407
2026-10-05 23:50:47,546 | Epoch [45/150] Step [1000/5630] | G: 4.1780 | D_A: 0.1705 | D_B: 0.0537 | Cycle: 0.2152 | Identity: 0.1164
2026-10-05 23:51:23,642 | Epoch [45/150] Step [1500/5630] | G: 4.4014 | D_A: 0.1137 | D_B: 0.0664 | Cycle: 0.2036 | Identity: 0.1353
2026-10-05 23:51:59,979 | Epoch [45/150] Step [2000/5630] | G: 4.0979 | D_A: 0.0807 | D_B: 0.0946 | Cycle: 0.1489 | Identity: 0.0814
2026-10-05 23:52:36,017 | Epoch [45/150] Step [2500/5630] | G: 3.3551 | D_A: 0.1677 | D_B: 0.1336 | Cycle: 0.1466 | Identity: 0.1064
2026-10-05 23:53:12,069 | Epoch [45/150] Step [3000/5630] | G: 3.1265 | D_A: 0.1509 | D_B: 0.1371 | Cycle: 0.1337 | Identity: 0.0829
2026-10-05 23:53:48,160 | Epoch [45/150] Step [3500/5630] | G: 2.8835 | D_A: 0.2822 | D_B: 0.0716 | Cycle: 0.1382 | Identity: 0.0998
2026-10-05 23:54:24,236 | Epoch [45/150] Step [4000/5630] | G: 4.1476 | D_A: 0.1134 | D_B: 0.3145 | Cycle: 0.1385 | Identity: 0.1059
2026-10-05 23:55:00,498 | Epoch [45/150] Step [4500/5630] | G: 3.1008 | D_A: 0.0458 | D_B: 0.0542 | Cycle: 0.1490 | Identity: 0.1082
2026-10-05 23:55:36,586 | Epoch [45/150] Step [5000/5630] | G: 2.6653 | D_A: 0.1854 | D_B: 0.0613 | Cycle: 0.1431 | Identity: 0.0804
2026-10-05 23:56:12,750 | Epoch [45/150] Step [5500/5630] | G: 3.2069 | D_A: 0.1190 | D_B: 0.1216 | Cycle: 0.1565 | Identity: 0.1178
2026-10-05 23:56:22,171 | Epoch [45/150] done in 6.79 min | G: 3.3565 | D_A: 0.1762 | D_B: 0.0702 | Cycle: 0.1536 | Identity: 0.1181 | lr_G: 0.0002000
2026-10-05 23:56:25,742 | Epoch [45/150] local FID: 97.5954
2026-10-05 23:56:26,060 | New best FID 97.5954, saved best_fid.pth
2026-10-05 23:56:27,986 | Epoch [46/150] Step [1/5630] | G: 3.2819 | D_A: 0.1013 | D_B: 0.1329 | Cycle: 0.1507 | Identity: 0.0872
2026-10-05 23:57:04,116 | Epoch [46/150] Step [500/5630] | G: 2.7668 | D_A: 0.0774 | D_B: 0.0662 | Cycle: 0.1231 | Identity: 0.0974
2026-10-05 23:57:40,316 | Epoch [46/150] Step [1000/5630] | G: 2.6786 | D_A: 0.0779 | D_B: 0.0333 | Cycle: 0.1397 | Identity: 0.0905
2026-10-05 23:58:16,428 | Epoch [46/150] Step [1500/5630] | G: 3.1700 | D_A: 0.2588 | D_B: 0.0588 | Cycle: 0.1291 | Identity: 0.0877
2026-10-05 23:58:52,775 | Epoch [46/150] Step [2000/5630] | G: 2.5463 | D_A: 0.2376 | D_B: 0.0744 | Cycle: 0.1272 | Identity: 0.0926
2026-10-05 23:59:28,820 | Epoch [46/150] Step [2500/5630] | G: 3.0934 | D_A: 0.2433 | D_B: 0.2311 | Cycle: 0.1468 | Identity: 0.1279
2026-10-06 00:00:05,005 | Epoch [46/150] Step [3000/5630] | G: 3.0044 | D_A: 0.2073 | D_B: 0.0640 | Cycle: 0.1252 | Identity: 0.1168
2026-10-06 00:00:41,135 | Epoch [46/150] Step [3500/5630] | G: 2.6197 | D_A: 0.1980 | D_B: 0.0614 | Cycle: 0.1040 | Identity: 0.0863
2026-10-06 00:01:17,243 | Epoch [46/150] Step [4000/5630] | G: 3.6843 | D_A: 0.1354 | D_B: 0.0590 | Cycle: 0.1876 | Identity: 0.1505
2026-10-06 00:01:54,373 | Epoch [46/150] Step [4500/5630] | G: 2.6993 | D_A: 0.2510 | D_B: 0.1403 | Cycle: 0.1474 | Identity: 0.0945
2026-10-06 00:02:30,485 | Epoch [46/150] Step [5000/5630] | G: 2.5781 | D_A: 0.1217 | D_B: 0.0757 | Cycle: 0.1133 | Identity: 0.0874
2026-10-06 00:03:06,929 | Epoch [46/150] Step [5500/5630] | G: 3.1144 | D_A: 0.0961 | D_B: 0.2358 | Cycle: 0.1640 | Identity: 0.1133
2026-10-06 00:03:16,366 | Epoch [46/150] done in 6.81 min | G: 3.3356 | D_A: 0.1769 | D_B: 0.0697 | Cycle: 0.1523 | Identity: 0.1172 | lr_G: 0.0002000
2026-10-06 00:03:18,606 | Epoch [47/150] Step [1/5630] | G: 3.8753 | D_A: 0.1244 | D_B: 0.0321 | Cycle: 0.1633 | Identity: 0.1460
2026-10-06 00:03:55,193 | Epoch [47/150] Step [500/5630] | G: 3.2346 | D_A: 0.1408 | D_B: 0.0342 | Cycle: 0.1455 | Identity: 0.1017
2026-10-06 00:04:31,255 | Epoch [47/150] Step [1000/5630] | G: 3.5121 | D_A: 0.1658 | D_B: 0.0383 | Cycle: 0.1510 | Identity: 0.1281
2026-10-06 00:05:07,394 | Epoch [47/150] Step [1500/5630] | G: 3.8829 | D_A: 0.2384 | D_B: 0.0746 | Cycle: 0.1695 | Identity: 0.1356
2026-10-06 00:05:43,472 | Epoch [47/150] Step [2000/5630] | G: 3.1579 | D_A: 0.2565 | D_B: 0.1337 | Cycle: 0.1380 | Identity: 0.0748
2026-10-06 00:06:19,577 | Epoch [47/150] Step [2500/5630] | G: 3.3073 | D_A: 0.1045 | D_B: 0.0939 | Cycle: 0.1705 | Identity: 0.1086
2026-10-06 00:06:55,706 | Epoch [47/150] Step [3000/5630] | G: 3.2689 | D_A: 0.1042 | D_B: 0.0369 | Cycle: 0.1710 | Identity: 0.1215
2026-10-06 00:07:31,889 | Epoch [47/150] Step [3500/5630] | G: 3.3266 | D_A: 0.2620 | D_B: 0.0554 | Cycle: 0.1404 | Identity: 0.0865
2026-10-06 00:08:08,511 | Epoch [47/150] Step [4000/5630] | G: 3.2741 | D_A: 0.1002 | D_B: 0.0525 | Cycle: 0.1300 | Identity: 0.0995
2026-10-06 00:08:44,720 | Epoch [47/150] Step [4500/5630] | G: 2.8479 | D_A: 0.2222 | D_B: 0.0372 | Cycle: 0.1365 | Identity: 0.0805
2026-10-06 00:09:21,671 | Epoch [47/150] Step [5000/5630] | G: 3.9543 | D_A: 0.0932 | D_B: 0.0678 | Cycle: 0.1592 | Identity: 0.1345
2026-10-06 00:09:57,993 | Epoch [47/150] Step [5500/5630] | G: 3.0567 | D_A: 0.0699 | D_B: 0.1011 | Cycle: 0.1705 | Identity: 0.0975
2026-10-06 00:10:07,390 | Epoch [47/150] done in 6.82 min | G: 3.3231 | D_A: 0.1760 | D_B: 0.0687 | Cycle: 0.1515 | Identity: 0.1159 | lr_G: 0.0002000
2026-10-06 00:10:09,419 | Epoch [48/150] Step [1/5630] | G: 3.3616 | D_A: 0.1416 | D_B: 0.0499 | Cycle: 0.1426 | Identity: 0.1141
2026-10-06 00:10:46,336 | Epoch [48/150] Step [500/5630] | G: 2.6932 | D_A: 0.1636 | D_B: 0.0661 | Cycle: 0.1297 | Identity: 0.0779
2026-10-06 00:11:22,670 | Epoch [48/150] Step [1000/5630] | G: 2.8693 | D_A: 0.2523 | D_B: 0.1087 | Cycle: 0.1210 | Identity: 0.0860
2026-10-06 00:11:58,811 | Epoch [48/150] Step [1500/5630] | G: 3.1845 | D_A: 0.3681 | D_B: 0.0551 | Cycle: 0.1479 | Identity: 0.1146
2026-10-06 00:12:35,302 | Epoch [48/150] Step [2000/5630] | G: 2.8412 | D_A: 0.1614 | D_B: 0.2223 | Cycle: 0.1227 | Identity: 0.0920
2026-10-06 00:13:11,465 | Epoch [48/150] Step [2500/5630] | G: 3.3945 | D_A: 0.1508 | D_B: 0.0708 | Cycle: 0.1245 | Identity: 0.0756
2026-10-06 00:13:47,734 | Epoch [48/150] Step [3000/5630] | G: 3.3383 | D_A: 0.1934 | D_B: 0.0308 | Cycle: 0.1259 | Identity: 0.1681
2026-10-06 00:14:23,925 | Epoch [48/150] Step [3500/5630] | G: 3.2738 | D_A: 0.1599 | D_B: 0.0755 | Cycle: 0.1606 | Identity: 0.1178
2026-10-06 00:15:00,087 | Epoch [48/150] Step [4000/5630] | G: 2.7311 | D_A: 0.1961 | D_B: 0.0881 | Cycle: 0.1154 | Identity: 0.1089
2026-10-06 00:15:36,365 | Epoch [48/150] Step [4500/5630] | G: 2.8056 | D_A: 0.2359 | D_B: 0.1022 | Cycle: 0.1441 | Identity: 0.1079
2026-10-06 00:16:12,645 | Epoch [48/150] Step [5000/5630] | G: 3.4206 | D_A: 0.1681 | D_B: 0.0456 | Cycle: 0.1372 | Identity: 0.1003
2026-10-06 00:16:48,951 | Epoch [48/150] Step [5500/5630] | G: 3.2052 | D_A: 0.1826 | D_B: 0.1356 | Cycle: 0.1485 | Identity: 0.1163
2026-10-06 00:16:58,370 | Epoch [48/150] done in 6.82 min | G: 3.3199 | D_A: 0.1735 | D_B: 0.0675 | Cycle: 0.1506 | Identity: 0.1149 | lr_G: 0.0002000
2026-10-06 00:17:00,102 | Epoch [49/150] Step [1/5630] | G: 2.9689 | D_A: 0.0832 | D_B: 0.1485 | Cycle: 0.1457 | Identity: 0.1214
2026-10-06 00:17:36,210 | Epoch [49/150] Step [500/5630] | G: 3.1322 | D_A: 0.0743 | D_B: 0.0455 | Cycle: 0.1059 | Identity: 0.0811
2026-10-06 00:18:12,588 | Epoch [49/150] Step [1000/5630] | G: 2.6517 | D_A: 0.1506 | D_B: 0.0415 | Cycle: 0.1020 | Identity: 0.0903
2026-10-06 00:18:48,682 | Epoch [49/150] Step [1500/5630] | G: 2.4104 | D_A: 0.1827 | D_B: 0.1091 | Cycle: 0.1165 | Identity: 0.0661
2026-10-06 00:19:25,049 | Epoch [49/150] Step [2000/5630] | G: 3.5627 | D_A: 0.1874 | D_B: 0.0472 | Cycle: 0.1512 | Identity: 0.1098
2026-10-06 00:20:01,209 | Epoch [49/150] Step [2500/5630] | G: 3.2085 | D_A: 0.0611 | D_B: 0.0451 | Cycle: 0.1016 | Identity: 0.1691
2026-10-06 00:20:37,354 | Epoch [49/150] Step [3000/5630] | G: 2.4186 | D_A: 0.1030 | D_B: 0.1942 | Cycle: 0.1001 | Identity: 0.0801
2026-10-06 00:21:13,884 | Epoch [49/150] Step [3500/5630] | G: 3.4353 | D_A: 0.1494 | D_B: 0.0738 | Cycle: 0.1373 | Identity: 0.1152
2026-10-06 00:21:50,125 | Epoch [49/150] Step [4000/5630] | G: 2.7894 | D_A: 0.3480 | D_B: 0.0643 | Cycle: 0.1288 | Identity: 0.0934
2026-10-06 00:22:26,253 | Epoch [49/150] Step [4500/5630] | G: 3.5196 | D_A: 0.0596 | D_B: 0.0629 | Cycle: 0.0921 | Identity: 0.1818
2026-10-06 00:23:02,412 | Epoch [49/150] Step [5000/5630] | G: 2.1914 | D_A: 0.2982 | D_B: 0.1463 | Cycle: 0.1012 | Identity: 0.0894
2026-10-06 00:23:38,583 | Epoch [49/150] Step [5500/5630] | G: 3.8661 | D_A: 0.1365 | D_B: 0.0362 | Cycle: 0.1805 | Identity: 0.1181
2026-10-06 00:23:47,977 | Epoch [49/150] done in 6.80 min | G: 3.3037 | D_A: 0.1709 | D_B: 0.0675 | Cycle: 0.1491 | Identity: 0.1139 | lr_G: 0.0002000
2026-10-06 00:23:49,406 | Epoch [50/150] Step [1/5630] | G: 3.3735 | D_A: 0.1415 | D_B: 0.0422 | Cycle: 0.1390 | Identity: 0.1358
2026-10-06 00:24:25,711 | Epoch [50/150] Step [500/5630] | G: 3.0088 | D_A: 0.2347 | D_B: 0.0490 | Cycle: 0.1217 | Identity: 0.1049
2026-10-06 00:25:01,820 | Epoch [50/150] Step [1000/5630] | G: 6.3140 | D_A: 0.0971 | D_B: 0.1017 | Cycle: 0.3092 | Identity: 0.1912
2026-10-06 00:25:38,056 | Epoch [50/150] Step [1500/5630] | G: 3.3377 | D_A: 0.0867 | D_B: 0.0266 | Cycle: 0.1377 | Identity: 0.1112
2026-10-06 00:26:14,220 | Epoch [50/150] Step [2000/5630] | G: 3.4099 | D_A: 0.1125 | D_B: 0.0352 | Cycle: 0.1521 | Identity: 0.1532
2026-10-06 00:26:50,400 | Epoch [50/150] Step [2500/5630] | G: 2.5481 | D_A: 0.1117 | D_B: 0.0593 | Cycle: 0.1168 | Identity: 0.0937
2026-10-06 00:27:26,571 | Epoch [50/150] Step [3000/5630] | G: 2.8751 | D_A: 0.0418 | D_B: 0.0416 | Cycle: 0.1187 | Identity: 0.1089
2026-10-06 00:28:02,707 | Epoch [50/150] Step [3500/5630] | G: 3.5152 | D_A: 0.0683 | D_B: 0.0331 | Cycle: 0.1663 | Identity: 0.1145
2026-10-06 00:28:38,800 | Epoch [50/150] Step [4000/5630] | G: 3.8729 | D_A: 0.0865 | D_B: 0.0500 | Cycle: 0.1467 | Identity: 0.1312
2026-10-06 00:29:14,986 | Epoch [50/150] Step [4500/5630] | G: 2.7598 | D_A: 0.1423 | D_B: 0.0776 | Cycle: 0.0978 | Identity: 0.0657
2026-10-06 00:29:51,120 | Epoch [50/150] Step [5000/5630] | G: 2.9150 | D_A: 0.1830 | D_B: 0.0428 | Cycle: 0.1416 | Identity: 0.0886
2026-10-06 00:30:27,258 | Epoch [50/150] Step [5500/5630] | G: 4.5066 | D_A: 0.1545 | D_B: 0.0328 | Cycle: 0.2295 | Identity: 0.1938
2026-10-06 00:30:36,647 | Epoch [50/150] done in 6.79 min | G: 3.3086 | D_A: 0.1655 | D_B: 0.0656 | Cycle: 0.1478 | Identity: 0.1129 | lr_G: 0.0002000
2026-10-06 00:30:40,080 | Epoch [50/150] local FID: 96.4423
2026-10-06 00:30:40,419 | New best FID 96.4423, saved best_fid.pth
2026-10-06 00:30:43,330 | Epoch [51/150] Step [1/5630] | G: 4.0379 | D_A: 0.1187 | D_B: 0.0501 | Cycle: 0.1633 | Identity: 0.1036
2026-10-06 00:31:19,479 | Epoch [51/150] Step [500/5630] | G: 3.4656 | D_A: 0.2129 | D_B: 0.0398 | Cycle: 0.1633 | Identity: 0.1214
2026-10-06 00:31:55,625 | Epoch [51/150] Step [1000/5630] | G: 2.6053 | D_A: 0.2455 | D_B: 0.0298 | Cycle: 0.1137 | Identity: 0.0878
2026-10-06 00:32:31,789 | Epoch [51/150] Step [1500/5630] | G: 3.8040 | D_A: 0.1115 | D_B: 0.0302 | Cycle: 0.1760 | Identity: 0.1014
2026-10-06 00:33:07,930 | Epoch [51/150] Step [2000/5630] | G: 3.1696 | D_A: 0.2957 | D_B: 0.0608 | Cycle: 0.1058 | Identity: 0.0746
2026-10-06 00:33:44,056 | Epoch [51/150] Step [2500/5630] | G: 3.3885 | D_A: 0.1769 | D_B: 0.0426 | Cycle: 0.1363 | Identity: 0.1242
2026-10-06 00:34:20,391 | Epoch [51/150] Step [3000/5630] | G: 3.0805 | D_A: 0.1518 | D_B: 0.0850 | Cycle: 0.1088 | Identity: 0.0771
2026-10-06 00:34:56,603 | Epoch [51/150] Step [3500/5630] | G: 3.8257 | D_A: 0.2155 | D_B: 0.0518 | Cycle: 0.1658 | Identity: 0.1159
2026-10-06 00:35:32,782 | Epoch [51/150] Step [4000/5630] | G: 2.7880 | D_A: 0.2146 | D_B: 0.1222 | Cycle: 0.1382 | Identity: 0.0969
2026-10-06 00:36:08,981 | Epoch [51/150] Step [4500/5630] | G: 2.8383 | D_A: 0.1590 | D_B: 0.0333 | Cycle: 0.1228 | Identity: 0.0690
2026-10-06 00:36:45,897 | Epoch [51/150] Step [5000/5630] | G: 3.7796 | D_A: 0.1085 | D_B: 0.1829 | Cycle: 0.1319 | Identity: 0.0951
2026-10-06 00:37:22,074 | Epoch [51/150] Step [5500/5630] | G: 3.9459 | D_A: 0.1144 | D_B: 0.0343 | Cycle: 0.1418 | Identity: 0.1287
2026-10-06 00:37:31,476 | Epoch [51/150] done in 6.81 min | G: 3.3105 | D_A: 0.1614 | D_B: 0.0649 | Cycle: 0.1468 | Identity: 0.1124 | lr_G: 0.0002000
2026-10-06 00:37:33,613 | Epoch [52/150] Step [1/5630] | G: 2.7778 | D_A: 0.3077 | D_B: 0.0361 | Cycle: 0.1673 | Identity: 0.1163
2026-10-06 00:38:09,953 | Epoch [52/150] Step [500/5630] | G: 3.3122 | D_A: 0.0756 | D_B: 0.0978 | Cycle: 0.1187 | Identity: 0.1001
2026-10-06 00:38:46,143 | Epoch [52/150] Step [1000/5630] | G: 2.7828 | D_A: 0.1751 | D_B: 0.0469 | Cycle: 0.1170 | Identity: 0.0786
2026-10-06 00:39:22,854 | Epoch [52/150] Step [1500/5630] | G: 2.5658 | D_A: 0.2916 | D_B: 0.1052 | Cycle: 0.1225 | Identity: 0.1093
2026-10-06 00:39:59,072 | Epoch [52/150] Step [2000/5630] | G: 2.9789 | D_A: 0.2844 | D_B: 0.0910 | Cycle: 0.1365 | Identity: 0.0814
2026-10-06 00:40:35,167 | Epoch [52/150] Step [2500/5630] | G: 2.4909 | D_A: 0.0997 | D_B: 0.0798 | Cycle: 0.1465 | Identity: 0.0601
2026-10-06 00:41:11,473 | Epoch [52/150] Step [3000/5630] | G: 2.2176 | D_A: 0.2562 | D_B: 0.0801 | Cycle: 0.1098 | Identity: 0.0979
2026-10-06 00:41:47,598 | Epoch [52/150] Step [3500/5630] | G: 3.4510 | D_A: 0.1140 | D_B: 0.0541 | Cycle: 0.1514 | Identity: 0.0904
2026-10-06 00:42:23,839 | Epoch [52/150] Step [4000/5630] | G: 3.7785 | D_A: 0.3051 | D_B: 0.0685 | Cycle: 0.1689 | Identity: 0.1142
2026-10-06 00:43:00,021 | Epoch [52/150] Step [4500/5630] | G: 2.7662 | D_A: 0.0955 | D_B: 0.1059 | Cycle: 0.1346 | Identity: 0.0924
2026-10-06 00:43:36,541 | Epoch [52/150] Step [5000/5630] | G: 4.1697 | D_A: 0.0893 | D_B: 0.0898 | Cycle: 0.1792 | Identity: 0.2389
2026-10-06 00:44:12,725 | Epoch [52/150] Step [5500/5630] | G: 2.9879 | D_A: 0.1630 | D_B: 0.0943 | Cycle: 0.1199 | Identity: 0.0839
2026-10-06 00:44:22,135 | Epoch [52/150] done in 6.81 min | G: 3.3074 | D_A: 0.1560 | D_B: 0.0634 | Cycle: 0.1458 | Identity: 0.1115 | lr_G: 0.0001980
2026-10-06 00:44:24,035 | Epoch [53/150] Step [1/5630] | G: 4.2071 | D_A: 0.1067 | D_B: 0.0976 | Cycle: 0.1571 | Identity: 0.1313
2026-10-06 00:45:00,102 | Epoch [53/150] Step [500/5630] | G: 3.3519 | D_A: 0.0478 | D_B: 0.0645 | Cycle: 0.1329 | Identity: 0.0878
2026-10-06 00:45:36,302 | Epoch [53/150] Step [1000/5630] | G: 3.0386 | D_A: 0.1389 | D_B: 0.0389 | Cycle: 0.1251 | Identity: 0.1043
2026-10-06 00:46:12,416 | Epoch [53/150] Step [1500/5630] | G: 2.6570 | D_A: 0.1017 | D_B: 0.0208 | Cycle: 0.1267 | Identity: 0.0698
2026-10-06 00:46:48,531 | Epoch [53/150] Step [2000/5630] | G: 3.0703 | D_A: 0.0981 | D_B: 0.0783 | Cycle: 0.1473 | Identity: 0.0825
2026-10-06 00:47:24,788 | Epoch [53/150] Step [2500/5630] | G: 3.5485 | D_A: 0.1800 | D_B: 0.0356 | Cycle: 0.1408 | Identity: 0.1043
2026-10-06 00:48:00,902 | Epoch [53/150] Step [3000/5630] | G: 3.0978 | D_A: 0.1041 | D_B: 0.0661 | Cycle: 0.1312 | Identity: 0.0936
2026-10-06 00:48:36,973 | Epoch [53/150] Step [3500/5630] | G: 4.3208 | D_A: 0.2444 | D_B: 0.0191 | Cycle: 0.2046 | Identity: 0.1860
2026-10-06 00:49:13,046 | Epoch [53/150] Step [4000/5630] | G: 2.8634 | D_A: 0.0466 | D_B: 0.0401 | Cycle: 0.1381 | Identity: 0.0865
2026-10-06 00:49:49,312 | Epoch [53/150] Step [4500/5630] | G: 2.7076 | D_A: 0.2092 | D_B: 0.0684 | Cycle: 0.1226 | Identity: 0.0930
2026-10-06 00:50:25,685 | Epoch [53/150] Step [5000/5630] | G: 4.4490 | D_A: 0.1251 | D_B: 0.0920 | Cycle: 0.1655 | Identity: 0.1574
2026-10-06 00:51:01,892 | Epoch [53/150] Step [5500/5630] | G: 2.8356 | D_A: 0.0811 | D_B: 0.0464 | Cycle: 0.1400 | Identity: 0.0901
2026-10-06 00:51:11,268 | Epoch [53/150] done in 6.79 min | G: 3.3025 | D_A: 0.1547 | D_B: 0.0623 | Cycle: 0.1450 | Identity: 0.1100 | lr_G: 0.0001960
2026-10-06 00:51:12,802 | Epoch [54/150] Step [1/5630] | G: 3.4082 | D_A: 0.1377 | D_B: 0.0282 | Cycle: 0.1801 | Identity: 0.1312
2026-10-06 00:51:48,938 | Epoch [54/150] Step [500/5630] | G: 3.5566 | D_A: 0.1689 | D_B: 0.0228 | Cycle: 0.1479 | Identity: 0.1151
2026-10-06 00:52:25,176 | Epoch [54/150] Step [1000/5630] | G: 2.3913 | D_A: 0.2059 | D_B: 0.0938 | Cycle: 0.1225 | Identity: 0.0835
2026-10-06 00:53:01,382 | Epoch [54/150] Step [1500/5630] | G: 3.5637 | D_A: 0.1462 | D_B: 0.0496 | Cycle: 0.1183 | Identity: 0.1330
2026-10-06 00:53:37,463 | Epoch [54/150] Step [2000/5630] | G: 3.0073 | D_A: 0.1678 | D_B: 0.0262 | Cycle: 0.1538 | Identity: 0.0991
2026-10-06 00:54:13,633 | Epoch [54/150] Step [2500/5630] | G: 3.9692 | D_A: 0.1269 | D_B: 0.0716 | Cycle: 0.2130 | Identity: 0.1413
2026-10-06 00:54:49,867 | Epoch [54/150] Step [3000/5630] | G: 3.2494 | D_A: 0.1194 | D_B: 0.0702 | Cycle: 0.1231 | Identity: 0.0887
2026-10-06 00:55:25,966 | Epoch [54/150] Step [3500/5630] | G: 5.0047 | D_A: 0.1377 | D_B: 0.1193 | Cycle: 0.2427 | Identity: 0.2182
2026-10-06 00:56:02,101 | Epoch [54/150] Step [4000/5630] | G: 2.5190 | D_A: 0.1173 | D_B: 0.0344 | Cycle: 0.1165 | Identity: 0.0719
2026-10-06 00:56:38,216 | Epoch [54/150] Step [4500/5630] | G: 3.1266 | D_A: 0.0801 | D_B: 0.0360 | Cycle: 0.1229 | Identity: 0.0798
2026-10-06 00:57:14,344 | Epoch [54/150] Step [5000/5630] | G: 3.7346 | D_A: 0.1291 | D_B: 0.0276 | Cycle: 0.1582 | Identity: 0.1247
2026-10-06 00:57:50,417 | Epoch [54/150] Step [5500/5630] | G: 2.4110 | D_A: 0.0781 | D_B: 0.0974 | Cycle: 0.1202 | Identity: 0.0914
2026-10-06 00:57:59,817 | Epoch [54/150] done in 6.79 min | G: 3.2844 | D_A: 0.1568 | D_B: 0.0620 | Cycle: 0.1439 | Identity: 0.1088 | lr_G: 0.0001940
2026-10-06 00:58:01,588 | Epoch [55/150] Step [1/5630] | G: 3.4541 | D_A: 0.0500 | D_B: 0.0405 | Cycle: 0.1654 | Identity: 0.1227
2026-10-06 00:58:37,611 | Epoch [55/150] Step [500/5630] | G: 2.5993 | D_A: 0.0472 | D_B: 0.0661 | Cycle: 0.1167 | Identity: 0.0769
2026-10-06 00:59:13,694 | Epoch [55/150] Step [1000/5630] | G: 3.4279 | D_A: 0.1207 | D_B: 0.0952 | Cycle: 0.1342 | Identity: 0.0962
2026-10-06 00:59:49,850 | Epoch [55/150] Step [1500/5630] | G: 2.7197 | D_A: 0.1639 | D_B: 0.0374 | Cycle: 0.1450 | Identity: 0.0939
2026-10-06 01:00:26,007 | Epoch [55/150] Step [2000/5630] | G: 3.6487 | D_A: 0.0787 | D_B: 0.0485 | Cycle: 0.1175 | Identity: 0.0970
2026-10-06 01:01:02,248 | Epoch [55/150] Step [2500/5630] | G: 3.5945 | D_A: 0.1562 | D_B: 0.0510 | Cycle: 0.1529 | Identity: 0.1707
2026-10-06 01:01:38,450 | Epoch [55/150] Step [3000/5630] | G: 3.0407 | D_A: 0.0933 | D_B: 0.0433 | Cycle: 0.1117 | Identity: 0.0942
2026-10-06 01:02:14,534 | Epoch [55/150] Step [3500/5630] | G: 2.9934 | D_A: 0.1173 | D_B: 0.0339 | Cycle: 0.1211 | Identity: 0.0804
2026-10-06 01:02:50,676 | Epoch [55/150] Step [4000/5630] | G: 4.3210 | D_A: 0.2731 | D_B: 0.0783 | Cycle: 0.2004 | Identity: 0.1121
2026-10-06 01:03:26,857 | Epoch [55/150] Step [4500/5630] | G: 3.0667 | D_A: 0.0749 | D_B: 0.0617 | Cycle: 0.1376 | Identity: 0.1065
2026-10-06 01:04:03,115 | Epoch [55/150] Step [5000/5630] | G: 3.2205 | D_A: 0.1354 | D_B: 0.0294 | Cycle: 0.1279 | Identity: 0.0863
2026-10-06 01:04:39,227 | Epoch [55/150] Step [5500/5630] | G: 3.8746 | D_A: 0.1379 | D_B: 0.0573 | Cycle: 0.1654 | Identity: 0.1310
2026-10-06 01:04:48,652 | Epoch [55/150] done in 6.79 min | G: 3.2726 | D_A: 0.1564 | D_B: 0.0606 | Cycle: 0.1431 | Identity: 0.1083 | lr_G: 0.0001920
2026-10-06 01:04:52,154 | Epoch [55/150] local FID: 94.7429
2026-10-06 01:04:52,486 | New best FID 94.7429, saved best_fid.pth
2026-10-06 01:04:54,313 | Epoch [56/150] Step [1/5630] | G: 3.5446 | D_A: 0.1129 | D_B: 0.0677 | Cycle: 0.1174 | Identity: 0.1048
2026-10-06 01:05:30,430 | Epoch [56/150] Step [500/5630] | G: 2.7018 | D_A: 0.1116 | D_B: 0.0598 | Cycle: 0.1076 | Identity: 0.0807
2026-10-06 01:06:06,540 | Epoch [56/150] Step [1000/5630] | G: 3.5684 | D_A: 0.2049 | D_B: 0.0706 | Cycle: 0.1563 | Identity: 0.1391
2026-10-06 01:06:43,328 | Epoch [56/150] Step [1500/5630] | G: 3.5688 | D_A: 0.2226 | D_B: 0.1221 | Cycle: 0.1880 | Identity: 0.1673
2026-10-06 01:07:19,502 | Epoch [56/150] Step [2000/5630] | G: 2.8151 | D_A: 0.1902 | D_B: 0.0411 | Cycle: 0.1254 | Identity: 0.1221
2026-10-06 01:07:55,894 | Epoch [56/150] Step [2500/5630] | G: 2.7538 | D_A: 0.1307 | D_B: 0.0222 | Cycle: 0.0963 | Identity: 0.0890
2026-10-06 01:08:32,290 | Epoch [56/150] Step [3000/5630] | G: 2.8323 | D_A: 0.1620 | D_B: 0.0684 | Cycle: 0.1362 | Identity: 0.0786
2026-10-06 01:09:08,653 | Epoch [56/150] Step [3500/5630] | G: 3.0495 | D_A: 0.1019 | D_B: 0.0187 | Cycle: 0.1510 | Identity: 0.1491
2026-10-06 01:09:44,832 | Epoch [56/150] Step [4000/5630] | G: 2.9514 | D_A: 0.1414 | D_B: 0.0545 | Cycle: 0.1093 | Identity: 0.0996
2026-10-06 01:10:21,100 | Epoch [56/150] Step [4500/5630] | G: 3.1125 | D_A: 0.1770 | D_B: 0.1657 | Cycle: 0.1179 | Identity: 0.0866
2026-10-06 01:10:57,211 | Epoch [56/150] Step [5000/5630] | G: 2.4513 | D_A: 0.0730 | D_B: 0.0430 | Cycle: 0.0992 | Identity: 0.0797
2026-10-06 01:11:33,760 | Epoch [56/150] Step [5500/5630] | G: 3.2159 | D_A: 0.2677 | D_B: 0.0471 | Cycle: 0.1198 | Identity: 0.0853
2026-10-06 01:11:43,602 | Epoch [56/150] done in 6.83 min | G: 3.2625 | D_A: 0.1562 | D_B: 0.0593 | Cycle: 0.1416 | Identity: 0.1067 | lr_G: 0.0001900
2026-10-06 01:11:45,999 | Epoch [57/150] Step [1/5630] | G: 3.9063 | D_A: 0.1963 | D_B: 0.0306 | Cycle: 0.1939 | Identity: 0.1237
2026-10-06 01:12:22,448 | Epoch [57/150] Step [500/5630] | G: 3.1117 | D_A: 0.3226 | D_B: 0.0222 | Cycle: 0.1282 | Identity: 0.0946
2026-10-06 01:12:58,687 | Epoch [57/150] Step [1000/5630] | G: 3.0050 | D_A: 0.0770 | D_B: 0.0496 | Cycle: 0.1354 | Identity: 0.1210
2026-10-06 01:13:34,752 | Epoch [57/150] Step [1500/5630] | G: 4.7003 | D_A: 0.1098 | D_B: 0.0373 | Cycle: 0.2276 | Identity: 0.1912
2026-10-06 01:14:10,858 | Epoch [57/150] Step [2000/5630] | G: 2.8748 | D_A: 0.1912 | D_B: 0.0289 | Cycle: 0.1139 | Identity: 0.0910
2026-10-06 01:14:46,965 | Epoch [57/150] Step [2500/5630] | G: 4.1096 | D_A: 0.1682 | D_B: 0.0294 | Cycle: 0.1726 | Identity: 0.1321
2026-10-06 01:15:23,059 | Epoch [57/150] Step [3000/5630] | G: 3.6520 | D_A: 0.2202 | D_B: 0.0246 | Cycle: 0.1937 | Identity: 0.1370
2026-10-06 01:15:59,176 | Epoch [57/150] Step [3500/5630] | G: 2.9570 | D_A: 0.2271 | D_B: 0.1126 | Cycle: 0.1401 | Identity: 0.0754
2026-10-06 01:16:35,823 | Epoch [57/150] Step [4000/5630] | G: 4.3653 | D_A: 0.0859 | D_B: 0.0296 | Cycle: 0.1933 | Identity: 0.1246
2026-10-06 01:17:12,034 | Epoch [57/150] Step [4500/5630] | G: 2.9110 | D_A: 0.1922 | D_B: 0.1260 | Cycle: 0.1693 | Identity: 0.0857
2026-10-06 01:17:48,477 | Epoch [57/150] Step [5000/5630] | G: 2.9850 | D_A: 0.2095 | D_B: 0.0709 | Cycle: 0.1331 | Identity: 0.0929
2026-10-06 01:18:24,622 | Epoch [57/150] Step [5500/5630] | G: 3.4092 | D_A: 0.0717 | D_B: 0.0393 | Cycle: 0.1473 | Identity: 0.1096
2026-10-06 01:18:34,045 | Epoch [57/150] done in 6.81 min | G: 3.2612 | D_A: 0.1558 | D_B: 0.0587 | Cycle: 0.1415 | Identity: 0.1067 | lr_G: 0.0001880
2026-10-06 01:18:36,371 | Epoch [58/150] Step [1/5630] | G: 3.5066 | D_A: 0.0513 | D_B: 0.0779 | Cycle: 0.1772 | Identity: 0.1154
2026-10-06 01:19:12,470 | Epoch [58/150] Step [500/5630] | G: 2.8807 | D_A: 0.2229 | D_B: 0.0458 | Cycle: 0.1413 | Identity: 0.1171
2026-10-06 01:19:49,005 | Epoch [58/150] Step [1000/5630] | G: 2.9117 | D_A: 0.1176 | D_B: 0.0316 | Cycle: 0.1392 | Identity: 0.1398
2026-10-06 01:20:25,130 | Epoch [58/150] Step [1500/5630] | G: 2.6987 | D_A: 0.1302 | D_B: 0.0275 | Cycle: 0.1037 | Identity: 0.0695
2026-10-06 01:21:01,394 | Epoch [58/150] Step [2000/5630] | G: 3.5067 | D_A: 0.1222 | D_B: 0.0389 | Cycle: 0.1583 | Identity: 0.1269
2026-10-06 01:21:37,533 | Epoch [58/150] Step [2500/5630] | G: 3.1564 | D_A: 0.1341 | D_B: 0.0525 | Cycle: 0.1363 | Identity: 0.1027
2026-10-06 01:22:13,694 | Epoch [58/150] Step [3000/5630] | G: 3.9133 | D_A: 0.1050 | D_B: 0.0628 | Cycle: 0.1370 | Identity: 0.0992
2026-10-06 01:22:49,767 | Epoch [58/150] Step [3500/5630] | G: 2.8449 | D_A: 0.1310 | D_B: 0.0326 | Cycle: 0.1418 | Identity: 0.0832
2026-10-06 01:23:25,951 | Epoch [58/150] Step [4000/5630] | G: 3.2391 | D_A: 0.3010 | D_B: 0.0411 | Cycle: 0.1465 | Identity: 0.0896
2026-10-06 01:24:02,816 | Epoch [58/150] Step [4500/5630] | G: 3.2634 | D_A: 0.1623 | D_B: 0.0468 | Cycle: 0.1413 | Identity: 0.1054
2026-10-06 01:24:38,918 | Epoch [58/150] Step [5000/5630] | G: 2.8725 | D_A: 0.2561 | D_B: 0.0459 | Cycle: 0.1063 | Identity: 0.1116
2026-10-06 01:25:15,053 | Epoch [58/150] Step [5500/5630] | G: 3.0015 | D_A: 0.0866 | D_B: 0.0538 | Cycle: 0.1263 | Identity: 0.1095
2026-10-06 01:25:24,726 | Epoch [58/150] done in 6.81 min | G: 3.2384 | D_A: 0.1561 | D_B: 0.0579 | Cycle: 0.1398 | Identity: 0.1054 | lr_G: 0.0001860
2026-10-06 01:25:26,909 | Epoch [59/150] Step [1/5630] | G: 3.9373 | D_A: 0.2188 | D_B: 0.0674 | Cycle: 0.1746 | Identity: 0.1378
2026-10-06 01:26:03,484 | Epoch [59/150] Step [500/5630] | G: 2.6310 | D_A: 0.2455 | D_B: 0.0429 | Cycle: 0.0859 | Identity: 0.0752
2026-10-06 01:26:39,825 | Epoch [59/150] Step [1000/5630] | G: 4.4690 | D_A: 0.1084 | D_B: 0.0280 | Cycle: 0.1798 | Identity: 0.1662
2026-10-06 01:27:16,027 | Epoch [59/150] Step [1500/5630] | G: 3.4407 | D_A: 0.1551 | D_B: 0.0531 | Cycle: 0.1580 | Identity: 0.1095
2026-10-06 01:27:52,161 | Epoch [59/150] Step [2000/5630] | G: 2.9790 | D_A: 0.1719 | D_B: 0.0505 | Cycle: 0.1285 | Identity: 0.1553
2026-10-06 01:28:28,267 | Epoch [59/150] Step [2500/5630] | G: 3.1012 | D_A: 0.1245 | D_B: 0.0600 | Cycle: 0.1473 | Identity: 0.1203
2026-10-06 01:29:04,566 | Epoch [59/150] Step [3000/5630] | G: 2.2456 | D_A: 0.2018 | D_B: 0.1108 | Cycle: 0.1095 | Identity: 0.1052
2026-10-06 01:29:40,985 | Epoch [59/150] Step [3500/5630] | G: 4.6117 | D_A: 0.1258 | D_B: 0.0365 | Cycle: 0.1900 | Identity: 0.1405
2026-10-06 01:30:17,377 | Epoch [59/150] Step [4000/5630] | G: 2.9293 | D_A: 0.1209 | D_B: 0.0668 | Cycle: 0.1225 | Identity: 0.0793
2026-10-06 01:30:53,672 | Epoch [59/150] Step [4500/5630] | G: 3.0651 | D_A: 0.1681 | D_B: 0.0687 | Cycle: 0.1501 | Identity: 0.0869
2026-10-06 01:31:29,855 | Epoch [59/150] Step [5000/5630] | G: 3.3982 | D_A: 0.0951 | D_B: 0.0518 | Cycle: 0.1367 | Identity: 0.0849
2026-10-06 01:32:06,128 | Epoch [59/150] Step [5500/5630] | G: 3.1135 | D_A: 0.1208 | D_B: 0.0386 | Cycle: 0.1574 | Identity: 0.0815
2026-10-06 01:32:15,571 | Epoch [59/150] done in 6.82 min | G: 3.2193 | D_A: 0.1582 | D_B: 0.0569 | Cycle: 0.1391 | Identity: 0.1043 | lr_G: 0.0001840
2026-10-06 01:32:17,750 | Epoch [60/150] Step [1/5630] | G: 3.6889 | D_A: 0.0599 | D_B: 0.0502 | Cycle: 0.1744 | Identity: 0.1360
2026-10-06 01:32:54,201 | Epoch [60/150] Step [500/5630] | G: 2.4391 | D_A: 0.2295 | D_B: 0.0639 | Cycle: 0.1348 | Identity: 0.0701
2026-10-06 01:33:30,434 | Epoch [60/150] Step [1000/5630] | G: 2.8601 | D_A: 0.1681 | D_B: 0.0224 | Cycle: 0.1184 | Identity: 0.0732
2026-10-06 01:34:06,516 | Epoch [60/150] Step [1500/5630] | G: 3.9789 | D_A: 0.2393 | D_B: 0.0414 | Cycle: 0.1677 | Identity: 0.1380
2026-10-06 01:34:42,567 | Epoch [60/150] Step [2000/5630] | G: 3.3106 | D_A: 0.1061 | D_B: 0.0646 | Cycle: 0.1293 | Identity: 0.0990
2026-10-06 01:35:18,697 | Epoch [60/150] Step [2500/5630] | G: 3.2724 | D_A: 0.2514 | D_B: 0.0290 | Cycle: 0.1156 | Identity: 0.0963
2026-10-06 01:35:54,817 | Epoch [60/150] Step [3000/5630] | G: 3.1606 | D_A: 0.0819 | D_B: 0.0322 | Cycle: 0.1583 | Identity: 0.0899
2026-10-06 01:36:31,208 | Epoch [60/150] Step [3500/5630] | G: 2.3717 | D_A: 0.1318 | D_B: 0.0482 | Cycle: 0.1030 | Identity: 0.0758
2026-10-06 01:37:07,281 | Epoch [60/150] Step [4000/5630] | G: 2.4284 | D_A: 0.1735 | D_B: 0.0639 | Cycle: 0.1234 | Identity: 0.0764
2026-10-06 01:37:43,454 | Epoch [60/150] Step [4500/5630] | G: 3.4655 | D_A: 0.1277 | D_B: 0.0410 | Cycle: 0.1554 | Identity: 0.0980
2026-10-06 01:38:19,555 | Epoch [60/150] Step [5000/5630] | G: 3.4217 | D_A: 0.1233 | D_B: 0.0323 | Cycle: 0.1770 | Identity: 0.1646
2026-10-06 01:38:55,617 | Epoch [60/150] Step [5500/5630] | G: 2.7222 | D_A: 0.0857 | D_B: 0.0797 | Cycle: 0.1435 | Identity: 0.0769
2026-10-06 01:39:05,057 | Epoch [60/150] done in 6.79 min | G: 3.2276 | D_A: 0.1592 | D_B: 0.0559 | Cycle: 0.1387 | Identity: 0.1039 | lr_G: 0.0001820
2026-10-06 01:39:08,598 | Epoch [60/150] local FID: 97.5781
2026-10-06 01:39:11,707 | Epoch [61/150] Step [1/5630] | G: 2.6312 | D_A: 0.0890 | D_B: 0.0686 | Cycle: 0.1308 | Identity: 0.0771
2026-10-06 01:39:48,108 | Epoch [61/150] Step [500/5630] | G: 2.6887 | D_A: 0.1812 | D_B: 0.0194 | Cycle: 0.0975 | Identity: 0.0628
2026-10-06 01:40:24,620 | Epoch [61/150] Step [1000/5630] | G: 2.8987 | D_A: 0.1512 | D_B: 0.0374 | Cycle: 0.1114 | Identity: 0.0920
2026-10-06 01:41:01,011 | Epoch [61/150] Step [1500/5630] | G: 3.3784 | D_A: 0.1464 | D_B: 0.0269 | Cycle: 0.1619 | Identity: 0.1076
2026-10-06 01:41:37,533 | Epoch [61/150] Step [2000/5630] | G: 3.9542 | D_A: 0.1391 | D_B: 0.0364 | Cycle: 0.1612 | Identity: 0.1172
2026-10-06 01:42:13,801 | Epoch [61/150] Step [2500/5630] | G: 2.7525 | D_A: 0.1290 | D_B: 0.0945 | Cycle: 0.1169 | Identity: 0.0944
2026-10-06 01:42:50,247 | Epoch [61/150] Step [3000/5630] | G: 4.5689 | D_A: 0.1424 | D_B: 0.0759 | Cycle: 0.2003 | Identity: 0.1142
2026-10-06 01:43:26,444 | Epoch [61/150] Step [3500/5630] | G: 3.6872 | D_A: 0.0886 | D_B: 0.0579 | Cycle: 0.1327 | Identity: 0.1225
2026-10-06 01:44:02,845 | Epoch [61/150] Step [4000/5630] | G: 3.6626 | D_A: 0.1259 | D_B: 0.0420 | Cycle: 0.1814 | Identity: 0.1441
2026-10-06 01:44:38,979 | Epoch [61/150] Step [4500/5630] | G: 3.3527 | D_A: 0.0804 | D_B: 0.0331 | Cycle: 0.1366 | Identity: 0.0904
2026-10-06 01:45:15,704 | Epoch [61/150] Step [5000/5630] | G: 3.2875 | D_A: 0.2276 | D_B: 0.0618 | Cycle: 0.1240 | Identity: 0.0898
2026-10-06 01:45:52,280 | Epoch [61/150] Step [5500/5630] | G: 2.9303 | D_A: 0.1584 | D_B: 0.0381 | Cycle: 0.0987 | Identity: 0.0756
2026-10-06 01:46:01,676 | Epoch [61/150] done in 6.84 min | G: 3.1994 | D_A: 0.1606 | D_B: 0.0559 | Cycle: 0.1373 | Identity: 0.1024 | lr_G: 0.0001800
2026-10-06 01:46:03,975 | Epoch [62/150] Step [1/5630] | G: 2.4520 | D_A: 0.1361 | D_B: 0.0609 | Cycle: 0.0878 | Identity: 0.0638
2026-10-06 01:46:40,797 | Epoch [62/150] Step [500/5630] | G: 3.5406 | D_A: 0.0814 | D_B: 0.0226 | Cycle: 0.1425 | Identity: 0.1358
2026-10-06 01:47:17,154 | Epoch [62/150] Step [1000/5630] | G: 2.6162 | D_A: 0.1740 | D_B: 0.0576 | Cycle: 0.1343 | Identity: 0.0873
2026-10-06 01:47:53,396 | Epoch [62/150] Step [1500/5630] | G: 3.4244 | D_A: 0.1061 | D_B: 0.0356 | Cycle: 0.1395 | Identity: 0.0750
2026-10-06 01:48:29,839 | Epoch [62/150] Step [2000/5630] | G: 2.8325 | D_A: 0.1178 | D_B: 0.0662 | Cycle: 0.1259 | Identity: 0.0930
2026-10-06 01:49:06,182 | Epoch [62/150] Step [2500/5630] | G: 2.8569 | D_A: 0.2040 | D_B: 0.0324 | Cycle: 0.1229 | Identity: 0.1147
2026-10-06 01:49:42,275 | Epoch [62/150] Step [3000/5630] | G: 3.1576 | D_A: 0.3275 | D_B: 0.0366 | Cycle: 0.1316 | Identity: 0.0896
2026-10-06 01:50:18,284 | Epoch [62/150] Step [3500/5630] | G: 2.1477 | D_A: 0.2741 | D_B: 0.0619 | Cycle: 0.1139 | Identity: 0.0675
2026-10-06 01:50:54,304 | Epoch [62/150] Step [4000/5630] | G: 2.8714 | D_A: 0.2173 | D_B: 0.0301 | Cycle: 0.1438 | Identity: 0.0900
2026-10-06 01:51:30,607 | Epoch [62/150] Step [4500/5630] | G: 3.4128 | D_A: 0.1682 | D_B: 0.0437 | Cycle: 0.1255 | Identity: 0.0893
2026-10-06 01:52:06,710 | Epoch [62/150] Step [5000/5630] | G: 2.3390 | D_A: 0.2477 | D_B: 0.0937 | Cycle: 0.1099 | Identity: 0.0700
2026-10-06 01:52:42,874 | Epoch [62/150] Step [5500/5630] | G: 3.4420 | D_A: 0.1392 | D_B: 0.0761 | Cycle: 0.1485 | Identity: 0.1028
2026-10-06 01:52:52,255 | Epoch [62/150] done in 6.81 min | G: 3.1787 | D_A: 0.1596 | D_B: 0.0540 | Cycle: 0.1356 | Identity: 0.1016 | lr_G: 0.0001780
2026-10-06 01:52:54,495 | Epoch [63/150] Step [1/5630] | G: 3.2594 | D_A: 0.2254 | D_B: 0.0188 | Cycle: 0.1251 | Identity: 0.0813
2026-10-06 01:53:30,772 | Epoch [63/150] Step [500/5630] | G: 2.9205 | D_A: 0.1986 | D_B: 0.0233 | Cycle: 0.1246 | Identity: 0.0799
2026-10-06 01:54:07,100 | Epoch [63/150] Step [1000/5630] | G: 3.6177 | D_A: 0.0919 | D_B: 0.0391 | Cycle: 0.1372 | Identity: 0.0814
2026-10-06 01:54:44,357 | Epoch [63/150] Step [1500/5630] | G: 3.1571 | D_A: 0.1169 | D_B: 0.0341 | Cycle: 0.1673 | Identity: 0.1052
2026-10-06 01:55:20,821 | Epoch [63/150] Step [2000/5630] | G: 4.4962 | D_A: 0.1093 | D_B: 0.0409 | Cycle: 0.1878 | Identity: 0.1583
2026-10-06 01:55:57,354 | Epoch [63/150] Step [2500/5630] | G: 3.2471 | D_A: 0.1186 | D_B: 0.0234 | Cycle: 0.1117 | Identity: 0.0845
2026-10-06 01:56:35,491 | Epoch [63/150] Step [3000/5630] | G: 3.1177 | D_A: 0.2189 | D_B: 0.0434 | Cycle: 0.1427 | Identity: 0.0955
2026-10-06 01:57:12,903 | Epoch [63/150] Step [3500/5630] | G: 4.2082 | D_A: 0.0857 | D_B: 0.0327 | Cycle: 0.1841 | Identity: 0.1277
2026-10-06 01:57:49,470 | Epoch [63/150] Step [4000/5630] | G: 2.6716 | D_A: 0.1190 | D_B: 0.0405 | Cycle: 0.1432 | Identity: 0.0851
2026-10-06 01:58:25,830 | Epoch [63/150] Step [4500/5630] | G: 3.5261 | D_A: 0.1487 | D_B: 0.0455 | Cycle: 0.1668 | Identity: 0.1081
2026-10-06 01:59:02,368 | Epoch [63/150] Step [5000/5630] | G: 2.2070 | D_A: 0.1951 | D_B: 0.0792 | Cycle: 0.0870 | Identity: 0.0537
2026-10-06 01:59:38,996 | Epoch [63/150] Step [5500/5630] | G: 2.3062 | D_A: 0.1886 | D_B: 0.0887 | Cycle: 0.1113 | Identity: 0.0765
2026-10-06 01:59:48,536 | Epoch [63/150] done in 6.91 min | G: 3.1755 | D_A: 0.1602 | D_B: 0.0541 | Cycle: 0.1356 | Identity: 0.1011 | lr_G: 0.0001760
2026-10-06 01:59:50,020 | Epoch [64/150] Step [1/5630] | G: 3.1222 | D_A: 0.0897 | D_B: 0.0312 | Cycle: 0.1326 | Identity: 0.0882
2026-10-06 02:00:26,695 | Epoch [64/150] Step [500/5630] | G: 3.5823 | D_A: 0.1135 | D_B: 0.0710 | Cycle: 0.1161 | Identity: 0.0591
2026-10-06 02:01:03,420 | Epoch [64/150] Step [1000/5630] | G: 2.9862 | D_A: 0.1556 | D_B: 0.0411 | Cycle: 0.1151 | Identity: 0.0942
2026-10-06 02:01:39,859 | Epoch [64/150] Step [1500/5630] | G: 3.9937 | D_A: 0.2162 | D_B: 0.0261 | Cycle: 0.1715 | Identity: 0.2254
2026-10-06 02:02:16,219 | Epoch [64/150] Step [2000/5630] | G: 3.5094 | D_A: 0.0923 | D_B: 0.0288 | Cycle: 0.1489 | Identity: 0.1012
2026-10-06 02:02:53,020 | Epoch [64/150] Step [2500/5630] | G: 3.7972 | D_A: 0.1254 | D_B: 0.0344 | Cycle: 0.1581 | Identity: 0.1375
2026-10-06 02:03:29,657 | Epoch [64/150] Step [3000/5630] | G: 2.9638 | D_A: 0.0839 | D_B: 0.0314 | Cycle: 0.1040 | Identity: 0.1008
2026-10-06 02:04:06,208 | Epoch [64/150] Step [3500/5630] | G: 3.3997 | D_A: 0.1261 | D_B: 0.0470 | Cycle: 0.1186 | Identity: 0.1115
2026-10-06 02:04:42,930 | Epoch [64/150] Step [4000/5630] | G: 2.8005 | D_A: 0.2262 | D_B: 0.0938 | Cycle: 0.1218 | Identity: 0.1048
2026-10-06 02:05:19,306 | Epoch [64/150] Step [4500/5630] | G: 3.2423 | D_A: 0.3007 | D_B: 0.0410 | Cycle: 0.1239 | Identity: 0.0816
2026-10-06 02:05:55,767 | Epoch [64/150] Step [5000/5630] | G: 3.3027 | D_A: 0.1473 | D_B: 0.0461 | Cycle: 0.1330 | Identity: 0.1108
2026-10-06 02:06:32,008 | Epoch [64/150] Step [5500/5630] | G: 3.1804 | D_A: 0.1204 | D_B: 0.0333 | Cycle: 0.1211 | Identity: 0.0903
2026-10-06 02:06:41,612 | Epoch [64/150] done in 6.86 min | G: 3.1642 | D_A: 0.1616 | D_B: 0.0527 | Cycle: 0.1341 | Identity: 0.1001 | lr_G: 0.0001740
2026-10-06 02:06:43,108 | Epoch [65/150] Step [1/5630] | G: 3.0037 | D_A: 0.1375 | D_B: 0.0384 | Cycle: 0.1094 | Identity: 0.0952
2026-10-06 02:07:20,220 | Epoch [65/150] Step [500/5630] | G: 3.1498 | D_A: 0.1279 | D_B: 0.0611 | Cycle: 0.1162 | Identity: 0.0787
2026-10-06 02:07:58,158 | Epoch [65/150] Step [1000/5630] | G: 2.8046 | D_A: 0.1353 | D_B: 0.0383 | Cycle: 0.1189 | Identity: 0.0782
2026-10-06 02:08:34,936 | Epoch [65/150] Step [1500/5630] | G: 2.6725 | D_A: 0.1018 | D_B: 0.0678 | Cycle: 0.1273 | Identity: 0.0794
2026-10-06 02:09:12,210 | Epoch [65/150] Step [2000/5630] | G: 2.7561 | D_A: 0.1152 | D_B: 0.0215 | Cycle: 0.1075 | Identity: 0.0867
2026-10-06 02:09:49,370 | Epoch [65/150] Step [2500/5630] | G: 2.9799 | D_A: 0.0892 | D_B: 0.0437 | Cycle: 0.1028 | Identity: 0.1225
2026-10-06 02:10:25,741 | Epoch [65/150] Step [3000/5630] | G: 3.6322 | D_A: 0.0399 | D_B: 0.0541 | Cycle: 0.0994 | Identity: 0.0631
2026-10-06 02:11:02,136 | Epoch [65/150] Step [3500/5630] | G: 3.2459 | D_A: 0.1379 | D_B: 0.0197 | Cycle: 0.1376 | Identity: 0.1057
2026-10-06 02:11:39,121 | Epoch [65/150] Step [4000/5630] | G: 2.3810 | D_A: 0.2108 | D_B: 0.0397 | Cycle: 0.1063 | Identity: 0.0764
2026-10-06 02:12:16,928 | Epoch [65/150] Step [4500/5630] | G: 3.4080 | D_A: 0.2423 | D_B: 0.0195 | Cycle: 0.1176 | Identity: 0.1325
2026-10-06 02:12:53,574 | Epoch [65/150] Step [5000/5630] | G: 2.4131 | D_A: 0.1450 | D_B: 0.0398 | Cycle: 0.1134 | Identity: 0.0640
2026-10-06 02:13:30,941 | Epoch [65/150] Step [5500/5630] | G: 3.0161 | D_A: 0.0802 | D_B: 0.0531 | Cycle: 0.1430 | Identity: 0.1072
2026-10-06 02:13:40,912 | Epoch [65/150] done in 6.97 min | G: 3.1402 | D_A: 0.1611 | D_B: 0.0531 | Cycle: 0.1331 | Identity: 0.0992 | lr_G: 0.0001720
2026-10-06 02:13:44,760 | Epoch [65/150] local FID: 100.3057
2026-10-06 02:13:46,617 | Epoch [66/150] Step [1/5630] | G: 2.9558 | D_A: 0.1665 | D_B: 0.0405 | Cycle: 0.1179 | Identity: 0.0691
2026-10-06 02:14:23,480 | Epoch [66/150] Step [500/5630] | G: 2.8770 | D_A: 0.3385 | D_B: 0.0392 | Cycle: 0.1140 | Identity: 0.0795
2026-10-06 02:15:00,621 | Epoch [66/150] Step [1000/5630] | G: 2.8341 | D_A: 0.1957 | D_B: 0.0470 | Cycle: 0.1238 | Identity: 0.0989
2026-10-06 02:15:37,301 | Epoch [66/150] Step [1500/5630] | G: 3.3490 | D_A: 0.1383 | D_B: 0.1433 | Cycle: 0.1347 | Identity: 0.0658
2026-10-06 02:16:13,512 | Epoch [66/150] Step [2000/5630] | G: 3.1591 | D_A: 0.1409 | D_B: 0.0309 | Cycle: 0.1304 | Identity: 0.0809
2026-10-06 02:16:49,855 | Epoch [66/150] Step [2500/5630] | G: 3.5710 | D_A: 0.1620 | D_B: 0.0406 | Cycle: 0.1570 | Identity: 0.1179
2026-10-06 02:17:26,033 | Epoch [66/150] Step [3000/5630] | G: 3.5513 | D_A: 0.1363 | D_B: 0.0215 | Cycle: 0.1787 | Identity: 0.1304
2026-10-06 02:18:02,291 | Epoch [66/150] Step [3500/5630] | G: 3.2840 | D_A: 0.2195 | D_B: 0.0950 | Cycle: 0.1045 | Identity: 0.0805
2026-10-06 02:18:38,520 | Epoch [66/150] Step [4000/5630] | G: 2.7408 | D_A: 0.1084 | D_B: 0.0718 | Cycle: 0.1164 | Identity: 0.0756
2026-10-06 02:19:16,250 | Epoch [66/150] Step [4500/5630] | G: 2.9581 | D_A: 0.1910 | D_B: 0.0404 | Cycle: 0.1605 | Identity: 0.0985
2026-10-06 02:19:54,526 | Epoch [66/150] Step [5000/5630] | G: 2.8599 | D_A: 0.1233 | D_B: 0.0763 | Cycle: 0.1417 | Identity: 0.1074
2026-10-06 02:20:30,922 | Epoch [66/150] Step [5500/5630] | G: 3.3938 | D_A: 0.1780 | D_B: 0.0342 | Cycle: 0.1618 | Identity: 0.1395
2026-10-06 02:20:40,459 | Epoch [66/150] done in 6.90 min | G: 3.1351 | D_A: 0.1613 | D_B: 0.0515 | Cycle: 0.1325 | Identity: 0.0983 | lr_G: 0.0001700
2026-10-06 02:20:42,614 | Epoch [67/150] Step [1/5630] | G: 2.8062 | D_A: 0.1481 | D_B: 0.0352 | Cycle: 0.1083 | Identity: 0.0728
2026-10-06 02:21:19,865 | Epoch [67/150] Step [500/5630] | G: 3.9520 | D_A: 0.2166 | D_B: 0.0377 | Cycle: 0.1816 | Identity: 0.2323
2026-10-06 02:21:59,519 | Epoch [67/150] Step [1000/5630] | G: 3.6122 | D_A: 0.2755 | D_B: 0.0163 | Cycle: 0.1400 | Identity: 0.1076
2026-10-06 02:22:36,018 | Epoch [67/150] Step [1500/5630] | G: 2.8293 | D_A: 0.2252 | D_B: 0.0513 | Cycle: 0.1190 | Identity: 0.0802
2026-10-06 02:23:12,695 | Epoch [67/150] Step [2000/5630] | G: 3.1457 | D_A: 0.2909 | D_B: 0.0572 | Cycle: 0.1469 | Identity: 0.0972
2026-10-06 02:23:49,220 | Epoch [67/150] Step [2500/5630] | G: 2.8615 | D_A: 0.0966 | D_B: 0.0500 | Cycle: 0.1223 | Identity: 0.0842
2026-10-06 02:24:26,233 | Epoch [67/150] Step [3000/5630] | G: 3.4976 | D_A: 0.1972 | D_B: 0.0456 | Cycle: 0.1548 | Identity: 0.1102
2026-10-06 02:25:02,849 | Epoch [67/150] Step [3500/5630] | G: 3.1838 | D_A: 0.0802 | D_B: 0.0254 | Cycle: 0.1578 | Identity: 0.0701
2026-10-06 02:25:39,720 | Epoch [67/150] Step [4000/5630] | G: 3.1942 | D_A: 0.0812 | D_B: 0.0220 | Cycle: 0.1092 | Identity: 0.0759
2026-10-06 02:26:16,033 | Epoch [67/150] Step [4500/5630] | G: 3.0564 | D_A: 0.1458 | D_B: 0.0249 | Cycle: 0.1120 | Identity: 0.0764
2026-10-06 02:26:52,515 | Epoch [67/150] Step [5000/5630] | G: 3.4483 | D_A: 0.0665 | D_B: 0.0569 | Cycle: 0.1447 | Identity: 0.1669
2026-10-06 02:27:29,729 | Epoch [67/150] Step [5500/5630] | G: 3.1767 | D_A: 0.1131 | D_B: 0.0692 | Cycle: 0.1569 | Identity: 0.1045
2026-10-06 02:27:39,328 | Epoch [67/150] done in 6.95 min | G: 3.1172 | D_A: 0.1627 | D_B: 0.0518 | Cycle: 0.1317 | Identity: 0.0972 | lr_G: 0.0001680
2026-10-06 02:27:41,000 | Epoch [68/150] Step [1/5630] | G: 2.8836 | D_A: 0.1361 | D_B: 0.0612 | Cycle: 0.1049 | Identity: 0.1339
2026-10-06 02:28:17,955 | Epoch [68/150] Step [500/5630] | G: 4.5638 | D_A: 0.1947 | D_B: 0.0271 | Cycle: 0.2204 | Identity: 0.1615
2026-10-06 02:28:54,245 | Epoch [68/150] Step [1000/5630] | G: 3.0859 | D_A: 0.1876 | D_B: 0.0325 | Cycle: 0.1304 | Identity: 0.1260
2026-10-06 02:29:30,426 | Epoch [68/150] Step [1500/5630] | G: 2.8404 | D_A: 0.0695 | D_B: 0.0165 | Cycle: 0.1138 | Identity: 0.0818
2026-10-06 02:30:06,651 | Epoch [68/150] Step [2000/5630] | G: 3.3109 | D_A: 0.1435 | D_B: 0.0926 | Cycle: 0.1501 | Identity: 0.1234
2026-10-06 02:30:43,157 | Epoch [68/150] Step [2500/5630] | G: 3.0476 | D_A: 0.1544 | D_B: 0.0919 | Cycle: 0.1462 | Identity: 0.1177
2026-10-06 02:31:19,837 | Epoch [68/150] Step [3000/5630] | G: 3.7383 | D_A: 0.2486 | D_B: 0.0309 | Cycle: 0.1569 | Identity: 0.0907
2026-10-06 02:31:56,540 | Epoch [68/150] Step [3500/5630] | G: 2.9730 | D_A: 0.3370 | D_B: 0.0162 | Cycle: 0.1091 | Identity: 0.0728
2026-10-06 02:32:32,950 | Epoch [68/150] Step [4000/5630] | G: 2.7807 | D_A: 0.2218 | D_B: 0.0690 | Cycle: 0.1225 | Identity: 0.0898
2026-10-06 02:33:09,682 | Epoch [68/150] Step [4500/5630] | G: 3.1696 | D_A: 0.0857 | D_B: 0.0342 | Cycle: 0.1043 | Identity: 0.0746
2026-10-06 02:33:46,936 | Epoch [68/150] Step [5000/5630] | G: 3.3633 | D_A: 0.0821 | D_B: 0.0224 | Cycle: 0.1288 | Identity: 0.0889
2026-10-06 02:34:26,026 | Epoch [68/150] Step [5500/5630] | G: 2.8805 | D_A: 0.0943 | D_B: 0.0369 | Cycle: 0.1077 | Identity: 0.0964
2026-10-06 02:34:35,448 | Epoch [68/150] done in 6.91 min | G: 3.1081 | D_A: 0.1630 | D_B: 0.0510 | Cycle: 0.1308 | Identity: 0.0968 | lr_G: 0.0001660
2026-10-06 02:34:37,131 | Epoch [69/150] Step [1/5630] | G: 3.6640 | D_A: 0.1628 | D_B: 0.0607 | Cycle: 0.1039 | Identity: 0.0914
2026-10-06 02:35:13,255 | Epoch [69/150] Step [500/5630] | G: 2.6868 | D_A: 0.1766 | D_B: 0.0939 | Cycle: 0.1132 | Identity: 0.0630
2026-10-06 02:35:49,318 | Epoch [69/150] Step [1000/5630] | G: 2.7950 | D_A: 0.0843 | D_B: 0.0277 | Cycle: 0.1277 | Identity: 0.1000
2026-10-06 02:36:25,452 | Epoch [69/150] Step [1500/5630] | G: 2.9416 | D_A: 0.3031 | D_B: 0.0476 | Cycle: 0.1328 | Identity: 0.0972
2026-10-06 02:37:01,629 | Epoch [69/150] Step [2000/5630] | G: 3.3655 | D_A: 0.1213 | D_B: 0.0709 | Cycle: 0.1182 | Identity: 0.0889
2026-10-06 02:37:37,825 | Epoch [69/150] Step [2500/5630] | G: 3.1095 | D_A: 0.2150 | D_B: 0.0230 | Cycle: 0.1308 | Identity: 0.0991
2026-10-06 02:38:14,067 | Epoch [69/150] Step [3000/5630] | G: 3.0947 | D_A: 0.1692 | D_B: 0.0473 | Cycle: 0.1441 | Identity: 0.0995
2026-10-06 02:38:50,178 | Epoch [69/150] Step [3500/5630] | G: 3.3138 | D_A: 0.1433 | D_B: 0.0216 | Cycle: 0.1406 | Identity: 0.1028
2026-10-06 02:39:26,284 | Epoch [69/150] Step [4000/5630] | G: 2.8191 | D_A: 0.0670 | D_B: 0.0446 | Cycle: 0.1085 | Identity: 0.0876
2026-10-06 02:40:02,392 | Epoch [69/150] Step [4500/5630] | G: 3.9447 | D_A: 0.1426 | D_B: 0.0967 | Cycle: 0.1591 | Identity: 0.1335
2026-10-06 02:40:38,500 | Epoch [69/150] Step [5000/5630] | G: 2.9867 | D_A: 0.1886 | D_B: 0.0198 | Cycle: 0.1180 | Identity: 0.0834
2026-10-06 02:41:14,661 | Epoch [69/150] Step [5500/5630] | G: 2.9614 | D_A: 0.1264 | D_B: 0.0894 | Cycle: 0.1495 | Identity: 0.1000
2026-10-06 02:41:24,056 | Epoch [69/150] done in 6.79 min | G: 3.1035 | D_A: 0.1625 | D_B: 0.0496 | Cycle: 0.1301 | Identity: 0.0956 | lr_G: 0.0001640
2026-10-06 02:41:25,484 | Epoch [70/150] Step [1/5630] | G: 2.9404 | D_A: 0.1347 | D_B: 0.0944 | Cycle: 0.1605 | Identity: 0.1173
2026-10-06 02:42:01,649 | Epoch [70/150] Step [500/5630] | G: 3.0178 | D_A: 0.1861 | D_B: 0.0848 | Cycle: 0.1381 | Identity: 0.1032
2026-10-06 02:42:37,841 | Epoch [70/150] Step [1000/5630] | G: 2.9636 | D_A: 0.0814 | D_B: 0.0183 | Cycle: 0.1183 | Identity: 0.0739
2026-10-06 02:43:13,974 | Epoch [70/150] Step [1500/5630] | G: 2.9413 | D_A: 0.0805 | D_B: 0.1329 | Cycle: 0.1263 | Identity: 0.0844
2026-10-06 02:43:50,115 | Epoch [70/150] Step [2000/5630] | G: 3.3024 | D_A: 0.1105 | D_B: 0.0346 | Cycle: 0.1323 | Identity: 0.0829
2026-10-06 02:44:26,280 | Epoch [70/150] Step [2500/5630] | G: 3.3000 | D_A: 0.1348 | D_B: 0.0342 | Cycle: 0.1269 | Identity: 0.0907
2026-10-06 02:45:02,437 | Epoch [70/150] Step [3000/5630] | G: 2.8178 | D_A: 0.0945 | D_B: 0.0785 | Cycle: 0.1340 | Identity: 0.0828
2026-10-06 02:45:38,552 | Epoch [70/150] Step [3500/5630] | G: 2.9911 | D_A: 0.1345 | D_B: 0.0266 | Cycle: 0.1095 | Identity: 0.0997
2026-10-06 02:46:15,088 | Epoch [70/150] Step [4000/5630] | G: 2.8798 | D_A: 0.2419 | D_B: 0.0228 | Cycle: 0.1247 | Identity: 0.0709
2026-10-06 02:46:51,305 | Epoch [70/150] Step [4500/5630] | G: 3.4471 | D_A: 0.1331 | D_B: 0.0173 | Cycle: 0.1391 | Identity: 0.0819
2026-10-06 02:47:27,649 | Epoch [70/150] Step [5000/5630] | G: 3.1932 | D_A: 0.1323 | D_B: 0.0412 | Cycle: 0.1519 | Identity: 0.1012
2026-10-06 02:48:03,734 | Epoch [70/150] Step [5500/5630] | G: 2.8135 | D_A: 0.0964 | D_B: 0.0475 | Cycle: 0.1187 | Identity: 0.0752
2026-10-06 02:48:13,127 | Epoch [70/150] done in 6.80 min | G: 3.0901 | D_A: 0.1629 | D_B: 0.0493 | Cycle: 0.1295 | Identity: 0.0946 | lr_G: 0.0001620
2026-10-06 02:48:16,593 | Epoch [70/150] local FID: 97.1720
2026-10-06 02:48:18,871 | Epoch [71/150] Step [1/5630] | G: 2.6611 | D_A: 0.1225 | D_B: 0.1895 | Cycle: 0.1453 | Identity: 0.0986
2026-10-06 02:48:54,996 | Epoch [71/150] Step [500/5630] | G: 2.4437 | D_A: 0.3189 | D_B: 0.0812 | Cycle: 0.1407 | Identity: 0.1010
2026-10-06 02:49:31,165 | Epoch [71/150] Step [1000/5630] | G: 3.3804 | D_A: 0.2260 | D_B: 0.0427 | Cycle: 0.1494 | Identity: 0.1065
2026-10-06 02:50:07,295 | Epoch [71/150] Step [1500/5630] | G: 2.6165 | D_A: 0.1712 | D_B: 0.0461 | Cycle: 0.1011 | Identity: 0.0571
2026-10-06 02:50:43,410 | Epoch [71/150] Step [2000/5630] | G: 2.5553 | D_A: 0.2768 | D_B: 0.0557 | Cycle: 0.1271 | Identity: 0.0806
2026-10-06 02:51:19,616 | Epoch [71/150] Step [2500/5630] | G: 2.9666 | D_A: 0.1232 | D_B: 0.0359 | Cycle: 0.1413 | Identity: 0.0960
2026-10-06 02:51:55,795 | Epoch [71/150] Step [3000/5630] | G: 2.8085 | D_A: 0.1505 | D_B: 0.0492 | Cycle: 0.1156 | Identity: 0.0767
2026-10-06 02:52:31,940 | Epoch [71/150] Step [3500/5630] | G: 3.2823 | D_A: 0.2000 | D_B: 0.0768 | Cycle: 0.1063 | Identity: 0.0832
2026-10-06 02:53:08,037 | Epoch [71/150] Step [4000/5630] | G: 3.0268 | D_A: 0.0857 | D_B: 0.0400 | Cycle: 0.1199 | Identity: 0.1161
2026-10-06 02:53:44,185 | Epoch [71/150] Step [4500/5630] | G: 2.6515 | D_A: 0.1110 | D_B: 0.0307 | Cycle: 0.1054 | Identity: 0.0727
2026-10-06 02:54:20,331 | Epoch [71/150] Step [5000/5630] | G: 2.4374 | D_A: 0.1445 | D_B: 0.0819 | Cycle: 0.1140 | Identity: 0.0798
2026-10-06 02:54:57,376 | Epoch [71/150] Step [5500/5630] | G: 3.7327 | D_A: 0.0987 | D_B: 0.0239 | Cycle: 0.1858 | Identity: 0.1042
2026-10-06 02:55:06,863 | Epoch [71/150] done in 6.81 min | G: 3.0761 | D_A: 0.1644 | D_B: 0.0489 | Cycle: 0.1287 | Identity: 0.0936 | lr_G: 0.0001600
2026-10-06 02:55:08,292 | Epoch [72/150] Step [1/5630] | G: 3.7131 | D_A: 0.1996 | D_B: 0.0193 | Cycle: 0.1645 | Identity: 0.1488
2026-10-06 02:55:44,320 | Epoch [72/150] Step [500/5630] | G: 2.8989 | D_A: 0.2309 | D_B: 0.0206 | Cycle: 0.1080 | Identity: 0.0914
2026-10-06 02:56:20,680 | Epoch [72/150] Step [1000/5630] | G: 2.3947 | D_A: 0.1145 | D_B: 0.1070 | Cycle: 0.0946 | Identity: 0.0672
2026-10-06 02:56:56,847 | Epoch [72/150] Step [1500/5630] | G: 2.7694 | D_A: 0.1453 | D_B: 0.0317 | Cycle: 0.1142 | Identity: 0.1047
2026-10-06 02:57:33,204 | Epoch [72/150] Step [2000/5630] | G: 2.8537 | D_A: 0.0859 | D_B: 0.0429 | Cycle: 0.1373 | Identity: 0.0879
2026-10-06 02:58:09,298 | Epoch [72/150] Step [2500/5630] | G: 2.5166 | D_A: 0.0654 | D_B: 0.0257 | Cycle: 0.0846 | Identity: 0.0695
2026-10-06 02:58:45,504 | Epoch [72/150] Step [3000/5630] | G: 3.5749 | D_A: 0.1938 | D_B: 0.0668 | Cycle: 0.1608 | Identity: 0.1276
2026-10-06 02:59:21,569 | Epoch [72/150] Step [3500/5630] | G: 3.6611 | D_A: 0.1373 | D_B: 0.0392 | Cycle: 0.1443 | Identity: 0.1196
2026-10-06 02:59:57,836 | Epoch [72/150] Step [4000/5630] | G: 2.6061 | D_A: 0.1642 | D_B: 0.0351 | Cycle: 0.1218 | Identity: 0.0622
2026-10-06 03:00:34,095 | Epoch [72/150] Step [4500/5630] | G: 2.8314 | D_A: 0.1632 | D_B: 0.0993 | Cycle: 0.1671 | Identity: 0.0803
2026-10-06 03:01:10,173 | Epoch [72/150] Step [5000/5630] | G: 3.5947 | D_A: 0.1536 | D_B: 0.0274 | Cycle: 0.1440 | Identity: 0.1410
2026-10-06 03:01:46,312 | Epoch [72/150] Step [5500/5630] | G: 2.8833 | D_A: 0.2277 | D_B: 0.0223 | Cycle: 0.1139 | Identity: 0.0675
2026-10-06 03:01:55,730 | Epoch [72/150] done in 6.79 min | G: 3.0789 | D_A: 0.1648 | D_B: 0.0481 | Cycle: 0.1284 | Identity: 0.0937 | lr_G: 0.0001580
2026-10-06 03:01:57,163 | Epoch [73/150] Step [1/5630] | G: 3.5256 | D_A: 0.1265 | D_B: 0.0302 | Cycle: 0.1975 | Identity: 0.1221
2026-10-06 03:02:33,304 | Epoch [73/150] Step [500/5630] | G: 2.9976 | D_A: 0.2090 | D_B: 0.0420 | Cycle: 0.1237 | Identity: 0.0780
2026-10-06 03:03:09,589 | Epoch [73/150] Step [1000/5630] | G: 2.9857 | D_A: 0.1837 | D_B: 0.0267 | Cycle: 0.1214 | Identity: 0.0826
2026-10-06 03:03:45,682 | Epoch [73/150] Step [1500/5630] | G: 3.2568 | D_A: 0.0486 | D_B: 0.0582 | Cycle: 0.1593 | Identity: 0.0956
2026-10-06 03:04:21,809 | Epoch [73/150] Step [2000/5630] | G: 3.2873 | D_A: 0.1228 | D_B: 0.0491 | Cycle: 0.1598 | Identity: 0.1291
2026-10-06 03:04:57,943 | Epoch [73/150] Step [2500/5630] | G: 3.0967 | D_A: 0.1159 | D_B: 0.0350 | Cycle: 0.1447 | Identity: 0.0834
2026-10-06 03:05:34,269 | Epoch [73/150] Step [3000/5630] | G: 2.7473 | D_A: 0.1300 | D_B: 0.0214 | Cycle: 0.1070 | Identity: 0.0676
2026-10-06 03:06:10,591 | Epoch [73/150] Step [3500/5630] | G: 3.5602 | D_A: 0.2511 | D_B: 0.0292 | Cycle: 0.1387 | Identity: 0.1164
2026-10-06 03:06:47,016 | Epoch [73/150] Step [4000/5630] | G: 3.8713 | D_A: 0.1066 | D_B: 0.0364 | Cycle: 0.1520 | Identity: 0.0967
2026-10-06 03:07:23,341 | Epoch [73/150] Step [4500/5630] | G: 3.9049 | D_A: 0.1195 | D_B: 0.0652 | Cycle: 0.1924 | Identity: 0.1008
2026-10-06 03:07:59,755 | Epoch [73/150] Step [5000/5630] | G: 3.2706 | D_A: 0.3855 | D_B: 0.0598 | Cycle: 0.1659 | Identity: 0.1159
2026-10-06 03:08:35,975 | Epoch [73/150] Step [5500/5630] | G: 2.8461 | D_A: 0.2419 | D_B: 0.0647 | Cycle: 0.1449 | Identity: 0.0822
2026-10-06 03:08:45,622 | Epoch [73/150] done in 6.81 min | G: 3.0640 | D_A: 0.1639 | D_B: 0.0480 | Cycle: 0.1273 | Identity: 0.0923 | lr_G: 0.0001560
2026-10-06 03:08:47,004 | Epoch [74/150] Step [1/5630] | G: 3.3372 | D_A: 0.1530 | D_B: 0.0304 | Cycle: 0.1387 | Identity: 0.0883
2026-10-06 03:09:23,528 | Epoch [74/150] Step [500/5630] | G: 3.5558 | D_A: 0.0761 | D_B: 0.0398 | Cycle: 0.1605 | Identity: 0.1317
2026-10-06 03:09:59,589 | Epoch [74/150] Step [1000/5630] | G: 3.0268 | D_A: 0.1220 | D_B: 0.1299 | Cycle: 0.1678 | Identity: 0.1155
2026-10-06 03:10:35,717 | Epoch [74/150] Step [1500/5630] | G: 3.5113 | D_A: 0.1867 | D_B: 0.1312 | Cycle: 0.1116 | Identity: 0.0840
2026-10-06 03:11:11,905 | Epoch [74/150] Step [2000/5630] | G: 3.5156 | D_A: 0.1493 | D_B: 0.0474 | Cycle: 0.1603 | Identity: 0.1298
2026-10-06 03:11:48,087 | Epoch [74/150] Step [2500/5630] | G: 2.4504 | D_A: 0.0773 | D_B: 0.0659 | Cycle: 0.1053 | Identity: 0.0772
2026-10-06 03:12:24,315 | Epoch [74/150] Step [3000/5630] | G: 3.3107 | D_A: 0.1253 | D_B: 0.0469 | Cycle: 0.1143 | Identity: 0.0839
2026-10-06 03:13:00,561 | Epoch [74/150] Step [3500/5630] | G: 3.2559 | D_A: 0.2045 | D_B: 0.0285 | Cycle: 0.1343 | Identity: 0.0895
2026-10-06 03:13:37,066 | Epoch [74/150] Step [4000/5630] | G: 2.5994 | D_A: 0.1711 | D_B: 0.1344 | Cycle: 0.1164 | Identity: 0.0829
2026-10-06 03:14:13,167 | Epoch [74/150] Step [4500/5630] | G: 3.3268 | D_A: 0.2740 | D_B: 0.0659 | Cycle: 0.1396 | Identity: 0.1022
2026-10-06 03:14:49,295 | Epoch [74/150] Step [5000/5630] | G: 3.4600 | D_A: 0.0723 | D_B: 0.0232 | Cycle: 0.1500 | Identity: 0.0856
2026-10-06 03:15:25,926 | Epoch [74/150] Step [5500/5630] | G: 3.4013 | D_A: 0.2306 | D_B: 0.0468 | Cycle: 0.1363 | Identity: 0.0975
2026-10-06 03:15:35,325 | Epoch [74/150] done in 6.81 min | G: 3.0620 | D_A: 0.1637 | D_B: 0.0469 | Cycle: 0.1275 | Identity: 0.0922 | lr_G: 0.0001540
2026-10-06 03:15:36,743 | Epoch [75/150] Step [1/5630] | G: 3.1941 | D_A: 0.1054 | D_B: 0.0389 | Cycle: 0.1316 | Identity: 0.1102
2026-10-06 03:16:12,752 | Epoch [75/150] Step [500/5630] | G: 2.4759 | D_A: 0.1907 | D_B: 0.0627 | Cycle: 0.1073 | Identity: 0.0751
2026-10-06 03:16:49,707 | Epoch [75/150] Step [1000/5630] | G: 3.7055 | D_A: 0.1115 | D_B: 0.0247 | Cycle: 0.2269 | Identity: 0.1460
2026-10-06 03:17:27,672 | Epoch [75/150] Step [1500/5630] | G: 3.3089 | D_A: 0.2217 | D_B: 0.0163 | Cycle: 0.1301 | Identity: 0.0797
2026-10-06 03:18:03,901 | Epoch [75/150] Step [2000/5630] | G: 2.9094 | D_A: 0.0733 | D_B: 0.0440 | Cycle: 0.0941 | Identity: 0.0674
2026-10-06 03:18:40,010 | Epoch [75/150] Step [2500/5630] | G: 3.2838 | D_A: 0.1196 | D_B: 0.1024 | Cycle: 0.1143 | Identity: 0.0697
2026-10-06 03:19:16,610 | Epoch [75/150] Step [3000/5630] | G: 2.4224 | D_A: 0.1159 | D_B: 0.0216 | Cycle: 0.0978 | Identity: 0.0580
2026-10-06 03:19:53,068 | Epoch [75/150] Step [3500/5630] | G: 3.3985 | D_A: 0.0894 | D_B: 0.1237 | Cycle: 0.1321 | Identity: 0.0888
2026-10-06 03:20:29,263 | Epoch [75/150] Step [4000/5630] | G: 2.6554 | D_A: 0.1348 | D_B: 0.0435 | Cycle: 0.1011 | Identity: 0.0728
2026-10-06 03:21:05,392 | Epoch [75/150] Step [4500/5630] | G: 3.1998 | D_A: 0.1223 | D_B: 0.0855 | Cycle: 0.1264 | Identity: 0.1015
2026-10-06 03:21:41,478 | Epoch [75/150] Step [5000/5630] | G: 3.4210 | D_A: 0.2490 | D_B: 0.0310 | Cycle: 0.1176 | Identity: 0.0760
2026-10-06 03:22:17,598 | Epoch [75/150] Step [5500/5630] | G: 3.1598 | D_A: 0.1532 | D_B: 0.0124 | Cycle: 0.1257 | Identity: 0.0855
2026-10-06 03:22:27,017 | Epoch [75/150] done in 6.84 min | G: 3.0403 | D_A: 0.1647 | D_B: 0.0468 | Cycle: 0.1262 | Identity: 0.0905 | lr_G: 0.0001520
2026-10-06 03:22:30,483 | Epoch [75/150] local FID: 97.7483
2026-10-06 03:22:32,049 | Epoch [76/150] Step [1/5630] | G: 3.1656 | D_A: 0.1580 | D_B: 0.0216 | Cycle: 0.1516 | Identity: 0.1080
2026-10-06 03:23:08,405 | Epoch [76/150] Step [500/5630] | G: 3.1976 | D_A: 0.3149 | D_B: 0.0508 | Cycle: 0.1526 | Identity: 0.1037
2026-10-06 03:23:44,912 | Epoch [76/150] Step [1000/5630] | G: 2.7053 | D_A: 0.1297 | D_B: 0.0438 | Cycle: 0.1016 | Identity: 0.0788
2026-10-06 03:24:21,218 | Epoch [76/150] Step [1500/5630] | G: 3.5572 | D_A: 0.2428 | D_B: 0.0406 | Cycle: 0.1456 | Identity: 0.0895
2026-10-06 03:24:57,534 | Epoch [76/150] Step [2000/5630] | G: 3.2082 | D_A: 0.2387 | D_B: 0.0377 | Cycle: 0.1414 | Identity: 0.1232
2026-10-06 03:25:34,049 | Epoch [76/150] Step [2500/5630] | G: 2.8604 | D_A: 0.2699 | D_B: 0.0473 | Cycle: 0.1096 | Identity: 0.0737
2026-10-06 03:26:10,355 | Epoch [76/150] Step [3000/5630] | G: 3.6520 | D_A: 0.0634 | D_B: 0.0627 | Cycle: 0.1483 | Identity: 0.0932
2026-10-06 03:26:46,764 | Epoch [76/150] Step [3500/5630] | G: 2.8893 | D_A: 0.1501 | D_B: 0.0500 | Cycle: 0.1343 | Identity: 0.0920
2026-10-06 03:27:23,506 | Epoch [76/150] Step [4000/5630] | G: 3.4472 | D_A: 0.1278 | D_B: 0.0283 | Cycle: 0.1649 | Identity: 0.1079
2026-10-06 03:28:00,302 | Epoch [76/150] Step [4500/5630] | G: 1.8367 | D_A: 0.2621 | D_B: 0.0445 | Cycle: 0.0856 | Identity: 0.0667
2026-10-06 03:28:36,628 | Epoch [76/150] Step [5000/5630] | G: 3.1296 | D_A: 0.1146 | D_B: 0.0215 | Cycle: 0.1440 | Identity: 0.1108
2026-10-06 03:29:14,058 | Epoch [76/150] Step [5500/5630] | G: 3.1970 | D_A: 0.1048 | D_B: 0.0617 | Cycle: 0.1548 | Identity: 0.0994
2026-10-06 03:29:23,656 | Epoch [76/150] done in 6.87 min | G: 3.0344 | D_A: 0.1652 | D_B: 0.0466 | Cycle: 0.1256 | Identity: 0.0902 | lr_G: 0.0001500
2026-10-06 03:29:25,997 | Epoch [77/150] Step [1/5630] | G: 3.4745 | D_A: 0.1427 | D_B: 0.0287 | Cycle: 0.1405 | Identity: 0.0772
2026-10-06 03:30:02,651 | Epoch [77/150] Step [500/5630] | G: 3.1835 | D_A: 0.2699 | D_B: 0.0608 | Cycle: 0.1416 | Identity: 0.1470
2026-10-06 03:30:38,861 | Epoch [77/150] Step [1000/5630] | G: 2.4796 | D_A: 0.0972 | D_B: 0.0807 | Cycle: 0.1176 | Identity: 0.0836
2026-10-06 03:31:15,256 | Epoch [77/150] Step [1500/5630] | G: 3.0088 | D_A: 0.2031 | D_B: 0.0351 | Cycle: 0.1191 | Identity: 0.0665
2026-10-06 03:31:52,261 | Epoch [77/150] Step [2000/5630] | G: 3.2660 | D_A: 0.1167 | D_B: 0.0342 | Cycle: 0.1335 | Identity: 0.0676
2026-10-06 03:32:46,030 | Epoch [77/150] Step [2500/5630] | G: 3.1542 | D_A: 0.0501 | D_B: 0.0290 | Cycle: 0.1192 | Identity: 0.0859
2026-10-06 03:33:47,650 | Epoch [77/150] Step [3000/5630] | G: 2.6078 | D_A: 0.3959 | D_B: 0.0523 | Cycle: 0.1090 | Identity: 0.0816
2026-10-06 03:34:40,920 | Epoch [77/150] Step [3500/5630] | G: 2.4927 | D_A: 0.1448 | D_B: 0.1172 | Cycle: 0.1177 | Identity: 0.0722
2026-10-06 03:35:27,212 | Epoch [77/150] Step [4000/5630] | G: 3.1630 | D_A: 0.1310 | D_B: 0.0223 | Cycle: 0.1528 | Identity: 0.1300
2026-10-06 03:36:19,552 | Epoch [77/150] Step [4500/5630] | G: 3.2254 | D_A: 0.0662 | D_B: 0.0387 | Cycle: 0.1239 | Identity: 0.0832
2026-10-06 03:37:06,809 | Epoch [77/150] Step [5000/5630] | G: 2.6076 | D_A: 0.1681 | D_B: 0.0531 | Cycle: 0.1188 | Identity: 0.0752
2026-10-06 03:37:43,829 | Epoch [77/150] Step [5500/5630] | G: 2.5056 | D_A: 0.1103 | D_B: 0.0798 | Cycle: 0.1031 | Identity: 0.0990
2026-10-06 03:37:53,464 | Epoch [77/150] done in 8.46 min | G: 3.0264 | D_A: 0.1654 | D_B: 0.0455 | Cycle: 0.1247 | Identity: 0.0896 | lr_G: 0.0001480
2026-10-06 03:37:55,438 | Epoch [78/150] Step [1/5630] | G: 3.7009 | D_A: 0.1674 | D_B: 0.0291 | Cycle: 0.1542 | Identity: 0.1037
2026-10-06 03:38:32,013 | Epoch [78/150] Step [500/5630] | G: 2.4700 | D_A: 0.0994 | D_B: 0.0357 | Cycle: 0.1020 | Identity: 0.0787
2026-10-06 03:39:08,423 | Epoch [78/150] Step [1000/5630] | G: 3.2157 | D_A: 0.2548 | D_B: 0.0780 | Cycle: 0.1355 | Identity: 0.0874
2026-10-06 03:39:44,862 | Epoch [78/150] Step [1500/5630] | G: 3.0175 | D_A: 0.0910 | D_B: 0.0294 | Cycle: 0.1233 | Identity: 0.0861
2026-10-06 03:40:29,582 | Epoch [78/150] Step [2000/5630] | G: 3.1708 | D_A: 0.1192 | D_B: 0.0390 | Cycle: 0.1217 | Identity: 0.0630
2026-10-06 03:41:05,841 | Epoch [78/150] Step [2500/5630] | G: 3.3862 | D_A: 0.1223 | D_B: 0.0252 | Cycle: 0.1587 | Identity: 0.1130
2026-10-06 03:41:42,728 | Epoch [78/150] Step [3000/5630] | G: 2.9976 | D_A: 0.2506 | D_B: 0.0204 | Cycle: 0.1443 | Identity: 0.0980
2026-10-06 03:42:19,231 | Epoch [78/150] Step [3500/5630] | G: 3.3824 | D_A: 0.1359 | D_B: 0.0251 | Cycle: 0.1308 | Identity: 0.1035
2026-10-06 03:42:55,889 | Epoch [78/150] Step [4000/5630] | G: 3.0764 | D_A: 0.1003 | D_B: 0.1125 | Cycle: 0.1559 | Identity: 0.0867
2026-10-06 03:43:32,228 | Epoch [78/150] Step [4500/5630] | G: 2.5432 | D_A: 0.2636 | D_B: 0.0631 | Cycle: 0.1162 | Identity: 0.0651
2026-10-06 03:44:08,395 | Epoch [78/150] Step [5000/5630] | G: 4.4603 | D_A: 0.0769 | D_B: 0.0534 | Cycle: 0.1877 | Identity: 0.1845
2026-10-06 03:44:44,448 | Epoch [78/150] Step [5500/5630] | G: 2.4414 | D_A: 0.2440 | D_B: 0.0313 | Cycle: 0.1149 | Identity: 0.0840
2026-10-06 03:44:54,067 | Epoch [78/150] done in 6.98 min | G: 3.0221 | D_A: 0.1650 | D_B: 0.0454 | Cycle: 0.1244 | Identity: 0.0892 | lr_G: 0.0001460
2026-10-06 03:44:55,540 | Epoch [79/150] Step [1/5630] | G: 2.4586 | D_A: 0.0843 | D_B: 0.0360 | Cycle: 0.0919 | Identity: 0.0781
2026-10-06 03:45:32,555 | Epoch [79/150] Step [500/5630] | G: 2.3958 | D_A: 0.1221 | D_B: 0.0760 | Cycle: 0.0959 | Identity: 0.0616
2026-10-06 03:46:09,010 | Epoch [79/150] Step [1000/5630] | G: 2.6828 | D_A: 0.1329 | D_B: 0.0261 | Cycle: 0.0880 | Identity: 0.0814
2026-10-06 03:46:45,112 | Epoch [79/150] Step [1500/5630] | G: 3.9406 | D_A: 0.0882 | D_B: 0.1216 | Cycle: 0.1566 | Identity: 0.1008
2026-10-06 03:47:21,763 | Epoch [79/150] Step [2000/5630] | G: 3.3930 | D_A: 0.1323 | D_B: 0.0266 | Cycle: 0.1350 | Identity: 0.0965
2026-10-06 03:47:58,544 | Epoch [79/150] Step [2500/5630] | G: 3.0486 | D_A: 0.0627 | D_B: 0.0299 | Cycle: 0.1160 | Identity: 0.0705
2026-10-06 03:48:34,967 | Epoch [79/150] Step [3000/5630] | G: 3.6196 | D_A: 0.1844 | D_B: 0.0377 | Cycle: 0.1784 | Identity: 0.1252
2026-10-06 03:49:11,119 | Epoch [79/150] Step [3500/5630] | G: 2.7708 | D_A: 0.2196 | D_B: 0.0884 | Cycle: 0.1005 | Identity: 0.0810
2026-10-06 03:49:47,478 | Epoch [79/150] Step [4000/5630] | G: 3.5447 | D_A: 0.1492 | D_B: 0.0309 | Cycle: 0.1483 | Identity: 0.1323
2026-10-06 03:50:24,279 | Epoch [79/150] Step [4500/5630] | G: 3.3526 | D_A: 0.0671 | D_B: 0.0369 | Cycle: 0.1105 | Identity: 0.0647
2026-10-06 03:51:00,570 | Epoch [79/150] Step [5000/5630] | G: 3.6920 | D_A: 0.1227 | D_B: 0.0243 | Cycle: 0.1503 | Identity: 0.0855
2026-10-06 03:51:36,727 | Epoch [79/150] Step [5500/5630] | G: 3.1482 | D_A: 0.2200 | D_B: 0.0313 | Cycle: 0.1252 | Identity: 0.0687
2026-10-06 03:51:46,182 | Epoch [79/150] done in 6.85 min | G: 3.0077 | D_A: 0.1647 | D_B: 0.0449 | Cycle: 0.1234 | Identity: 0.0882 | lr_G: 0.0001440
2026-10-06 03:51:48,297 | Epoch [80/150] Step [1/5630] | G: 2.4451 | D_A: 0.0584 | D_B: 0.0505 | Cycle: 0.1131 | Identity: 0.0819
2026-10-06 03:52:24,823 | Epoch [80/150] Step [500/5630] | G: 3.0934 | D_A: 0.1224 | D_B: 0.0266 | Cycle: 0.1259 | Identity: 0.0737
2026-10-06 03:53:01,084 | Epoch [80/150] Step [1000/5630] | G: 2.6856 | D_A: 0.1729 | D_B: 0.0296 | Cycle: 0.0997 | Identity: 0.0608
2026-10-06 03:53:37,289 | Epoch [80/150] Step [1500/5630] | G: 2.7129 | D_A: 0.2024 | D_B: 0.0818 | Cycle: 0.1326 | Identity: 0.0765
2026-10-06 03:54:13,495 | Epoch [80/150] Step [2000/5630] | G: 2.6544 | D_A: 0.2121 | D_B: 0.0393 | Cycle: 0.1012 | Identity: 0.0812
2026-10-06 03:54:49,841 | Epoch [80/150] Step [2500/5630] | G: 3.3451 | D_A: 0.3331 | D_B: 0.0427 | Cycle: 0.1631 | Identity: 0.1033
2026-10-06 03:55:26,046 | Epoch [80/150] Step [3000/5630] | G: 3.1159 | D_A: 0.2492 | D_B: 0.0352 | Cycle: 0.1499 | Identity: 0.1122
2026-10-06 03:56:02,538 | Epoch [80/150] Step [3500/5630] | G: 2.6887 | D_A: 0.2153 | D_B: 0.0280 | Cycle: 0.1058 | Identity: 0.0560
2026-10-06 03:56:38,721 | Epoch [80/150] Step [4000/5630] | G: 3.2914 | D_A: 0.1308 | D_B: 0.0188 | Cycle: 0.1070 | Identity: 0.1255
2026-10-06 03:57:14,939 | Epoch [80/150] Step [4500/5630] | G: 2.3667 | D_A: 0.2027 | D_B: 0.0195 | Cycle: 0.1020 | Identity: 0.0547
2026-10-06 03:57:51,503 | Epoch [80/150] Step [5000/5630] | G: 2.8130 | D_A: 0.1749 | D_B: 0.0335 | Cycle: 0.1174 | Identity: 0.0714
2026-10-06 03:58:27,692 | Epoch [80/150] Step [5500/5630] | G: 3.3302 | D_A: 0.1816 | D_B: 0.1221 | Cycle: 0.1239 | Identity: 0.0815
2026-10-06 03:58:37,386 | Epoch [80/150] done in 6.82 min | G: 3.0041 | D_A: 0.1645 | D_B: 0.0445 | Cycle: 0.1226 | Identity: 0.0876 | lr_G: 0.0001420
2026-10-06 03:58:41,111 | Epoch [80/150] local FID: 99.7966
2026-10-06 03:58:44,434 | Epoch [81/150] Step [1/5630] | G: 2.4371 | D_A: 0.1863 | D_B: 0.0273 | Cycle: 0.0836 | Identity: 0.0635
2026-10-06 03:59:20,681 | Epoch [81/150] Step [500/5630] | G: 2.4695 | D_A: 0.2983 | D_B: 0.0385 | Cycle: 0.1087 | Identity: 0.0645
2026-10-06 03:59:57,057 | Epoch [81/150] Step [1000/5630] | G: 2.8332 | D_A: 0.2404 | D_B: 0.0191 | Cycle: 0.1059 | Identity: 0.1854
2026-10-06 04:00:33,622 | Epoch [81/150] Step [1500/5630] | G: 2.3844 | D_A: 0.1156 | D_B: 0.0258 | Cycle: 0.1062 | Identity: 0.0494
2026-10-06 04:01:10,123 | Epoch [81/150] Step [2000/5630] | G: 2.2721 | D_A: 0.2131 | D_B: 0.0361 | Cycle: 0.0870 | Identity: 0.0722
2026-10-06 04:01:46,473 | Epoch [81/150] Step [2500/5630] | G: 2.8295 | D_A: 0.1000 | D_B: 0.0541 | Cycle: 0.1147 | Identity: 0.0799
2026-10-06 04:02:22,963 | Epoch [81/150] Step [3000/5630] | G: 3.0801 | D_A: 0.1320 | D_B: 0.0162 | Cycle: 0.1336 | Identity: 0.0790
2026-10-06 04:02:59,391 | Epoch [81/150] Step [3500/5630] | G: 2.7678 | D_A: 0.1538 | D_B: 0.0211 | Cycle: 0.0901 | Identity: 0.0630
2026-10-06 04:03:35,565 | Epoch [81/150] Step [4000/5630] | G: 2.9549 | D_A: 0.0761 | D_B: 0.0243 | Cycle: 0.1182 | Identity: 0.1017
2026-10-06 04:04:12,026 | Epoch [81/150] Step [4500/5630] | G: 2.7698 | D_A: 0.2443 | D_B: 0.0308 | Cycle: 0.1290 | Identity: 0.0854
2026-10-06 04:04:48,397 | Epoch [81/150] Step [5000/5630] | G: 2.0420 | D_A: 0.1004 | D_B: 0.0274 | Cycle: 0.1025 | Identity: 0.0750
2026-10-06 04:05:24,780 | Epoch [81/150] Step [5500/5630] | G: 3.1176 | D_A: 0.2055 | D_B: 0.0276 | Cycle: 0.1132 | Identity: 0.0701
2026-10-06 04:05:34,206 | Epoch [81/150] done in 6.84 min | G: 3.0021 | D_A: 0.1650 | D_B: 0.0432 | Cycle: 0.1226 | Identity: 0.0869 | lr_G: 0.0001400
2026-10-06 04:05:36,361 | Epoch [82/150] Step [1/5630] | G: 2.6072 | D_A: 0.2383 | D_B: 0.0664 | Cycle: 0.1084 | Identity: 0.0824
2026-10-06 04:06:12,509 | Epoch [82/150] Step [500/5630] | G: 2.8081 | D_A: 0.3439 | D_B: 0.0303 | Cycle: 0.1274 | Identity: 0.0951
2026-10-06 04:06:48,708 | Epoch [82/150] Step [1000/5630] | G: 3.2256 | D_A: 0.1575 | D_B: 0.0209 | Cycle: 0.1126 | Identity: 0.0693
2026-10-06 04:07:24,947 | Epoch [82/150] Step [1500/5630] | G: 3.4171 | D_A: 0.0418 | D_B: 0.0539 | Cycle: 0.1431 | Identity: 0.1176
2026-10-06 04:08:01,184 | Epoch [82/150] Step [2000/5630] | G: 2.8535 | D_A: 0.2134 | D_B: 0.0563 | Cycle: 0.1264 | Identity: 0.0774
2026-10-06 04:08:37,578 | Epoch [82/150] Step [2500/5630] | G: 3.1521 | D_A: 0.1102 | D_B: 0.0965 | Cycle: 0.1027 | Identity: 0.0964
2026-10-06 04:09:14,180 | Epoch [82/150] Step [3000/5630] | G: 2.6956 | D_A: 0.3120 | D_B: 0.0630 | Cycle: 0.1087 | Identity: 0.0675
2026-10-06 04:09:50,368 | Epoch [82/150] Step [3500/5630] | G: 2.9326 | D_A: 0.2112 | D_B: 0.0134 | Cycle: 0.1104 | Identity: 0.0651
2026-10-06 04:10:26,834 | Epoch [82/150] Step [4000/5630] | G: 3.0147 | D_A: 0.0692 | D_B: 0.0209 | Cycle: 0.1210 | Identity: 0.0903
2026-10-06 04:11:03,392 | Epoch [82/150] Step [4500/5630] | G: 2.6535 | D_A: 0.1600 | D_B: 0.0942 | Cycle: 0.1104 | Identity: 0.0723
2026-10-06 04:11:39,637 | Epoch [82/150] Step [5000/5630] | G: 2.6010 | D_A: 0.1361 | D_B: 0.0334 | Cycle: 0.1066 | Identity: 0.0883
2026-10-06 04:12:15,766 | Epoch [82/150] Step [5500/5630] | G: 3.0121 | D_A: 0.2438 | D_B: 0.0429 | Cycle: 0.0994 | Identity: 0.0676
2026-10-06 04:12:25,378 | Epoch [82/150] done in 6.82 min | G: 2.9883 | D_A: 0.1657 | D_B: 0.0435 | Cycle: 0.1218 | Identity: 0.0865 | lr_G: 0.0001380
2026-10-06 04:12:26,820 | Epoch [83/150] Step [1/5630] | G: 3.5790 | D_A: 0.3901 | D_B: 0.0315 | Cycle: 0.1343 | Identity: 0.1114
2026-10-06 04:13:02,979 | Epoch [83/150] Step [500/5630] | G: 2.9703 | D_A: 0.1431 | D_B: 0.0858 | Cycle: 0.1155 | Identity: 0.0630
2026-10-06 04:13:39,148 | Epoch [83/150] Step [1000/5630] | G: 2.3741 | D_A: 0.2495 | D_B: 0.1422 | Cycle: 0.1181 | Identity: 0.0646
2026-10-06 04:14:15,413 | Epoch [83/150] Step [1500/5630] | G: 2.4676 | D_A: 0.1305 | D_B: 0.0436 | Cycle: 0.0914 | Identity: 0.0679
2026-10-06 04:14:51,562 | Epoch [83/150] Step [2000/5630] | G: 2.6674 | D_A: 0.1808 | D_B: 0.0527 | Cycle: 0.1121 | Identity: 0.0733
2026-10-06 04:15:27,712 | Epoch [83/150] Step [2500/5630] | G: 3.7546 | D_A: 0.0342 | D_B: 0.0659 | Cycle: 0.1399 | Identity: 0.2152
2026-10-06 04:16:04,026 | Epoch [83/150] Step [3000/5630] | G: 5.5264 | D_A: 0.0993 | D_B: 0.0671 | Cycle: 0.2242 | Identity: 0.3011
2026-10-06 04:16:40,254 | Epoch [83/150] Step [3500/5630] | G: 2.6766 | D_A: 0.1943 | D_B: 0.0275 | Cycle: 0.1020 | Identity: 0.0660
2026-10-06 04:17:16,407 | Epoch [83/150] Step [4000/5630] | G: 3.0260 | D_A: 0.0969 | D_B: 0.1449 | Cycle: 0.1124 | Identity: 0.0825
2026-10-06 04:17:52,601 | Epoch [83/150] Step [4500/5630] | G: 2.6274 | D_A: 0.0642 | D_B: 0.1039 | Cycle: 0.1081 | Identity: 0.0929
2026-10-06 04:18:28,801 | Epoch [83/150] Step [5000/5630] | G: 2.8561 | D_A: 0.1974 | D_B: 0.0468 | Cycle: 0.1202 | Identity: 0.0739
2026-10-06 04:19:04,976 | Epoch [83/150] Step [5500/5630] | G: 2.1018 | D_A: 0.1133 | D_B: 0.0500 | Cycle: 0.0776 | Identity: 0.0477
2026-10-06 04:19:14,389 | Epoch [83/150] done in 6.80 min | G: 2.9799 | D_A: 0.1648 | D_B: 0.0428 | Cycle: 0.1210 | Identity: 0.0861 | lr_G: 0.0001360
2026-10-06 04:19:16,539 | Epoch [84/150] Step [1/5630] | G: 2.4513 | D_A: 0.1765 | D_B: 0.0266 | Cycle: 0.0976 | Identity: 0.0722
2026-10-06 04:19:52,917 | Epoch [84/150] Step [500/5630] | G: 3.3948 | D_A: 0.1992 | D_B: 0.0169 | Cycle: 0.1263 | Identity: 0.0887
2026-10-06 04:20:29,155 | Epoch [84/150] Step [1000/5630] | G: 2.5005 | D_A: 0.1381 | D_B: 0.0397 | Cycle: 0.0861 | Identity: 0.0703
2026-10-06 04:21:05,453 | Epoch [84/150] Step [1500/5630] | G: 3.6981 | D_A: 0.1466 | D_B: 0.0396 | Cycle: 0.1496 | Identity: 0.1061
2026-10-06 04:21:41,708 | Epoch [84/150] Step [2000/5630] | G: 2.3972 | D_A: 0.3360 | D_B: 0.0371 | Cycle: 0.0946 | Identity: 0.0727
2026-10-06 04:22:18,043 | Epoch [84/150] Step [2500/5630] | G: 2.9805 | D_A: 0.2065 | D_B: 0.0191 | Cycle: 0.1388 | Identity: 0.0800
2026-10-06 04:22:54,250 | Epoch [84/150] Step [3000/5630] | G: 3.0527 | D_A: 0.1665 | D_B: 0.0327 | Cycle: 0.1302 | Identity: 0.0736
2026-10-06 04:23:30,419 | Epoch [84/150] Step [3500/5630] | G: 3.3711 | D_A: 0.0869 | D_B: 0.0378 | Cycle: 0.1452 | Identity: 0.0856
2026-10-06 04:24:07,121 | Epoch [84/150] Step [4000/5630] | G: 3.1059 | D_A: 0.1405 | D_B: 0.0281 | Cycle: 0.1005 | Identity: 0.0747
2026-10-06 04:24:43,305 | Epoch [84/150] Step [4500/5630] | G: 2.6511 | D_A: 0.1545 | D_B: 0.0183 | Cycle: 0.1042 | Identity: 0.0627
2026-10-06 04:25:19,593 | Epoch [84/150] Step [5000/5630] | G: 3.0046 | D_A: 0.3253 | D_B: 0.0151 | Cycle: 0.0962 | Identity: 0.0912
2026-10-06 04:25:55,839 | Epoch [84/150] Step [5500/5630] | G: 2.8605 | D_A: 0.1503 | D_B: 0.0308 | Cycle: 0.1202 | Identity: 0.0803
2026-10-06 04:26:05,265 | Epoch [84/150] done in 6.82 min | G: 2.9658 | D_A: 0.1645 | D_B: 0.0425 | Cycle: 0.1201 | Identity: 0.0854 | lr_G: 0.0001340
2026-10-06 04:26:07,530 | Epoch [85/150] Step [1/5630] | G: 2.6699 | D_A: 0.0966 | D_B: 0.0380 | Cycle: 0.1040 | Identity: 0.0703
2026-10-06 04:26:43,767 | Epoch [85/150] Step [500/5630] | G: 3.2207 | D_A: 0.0918 | D_B: 0.0253 | Cycle: 0.1614 | Identity: 0.1072
2026-10-06 04:27:20,251 | Epoch [85/150] Step [1000/5630] | G: 3.2871 | D_A: 0.1309 | D_B: 0.0300 | Cycle: 0.1546 | Identity: 0.0977
2026-10-06 04:27:56,413 | Epoch [85/150] Step [1500/5630] | G: 2.9940 | D_A: 0.2489 | D_B: 0.0308 | Cycle: 0.0953 | Identity: 0.0534
2026-10-06 04:28:32,990 | Epoch [85/150] Step [2000/5630] | G: 3.0198 | D_A: 0.2666 | D_B: 0.0418 | Cycle: 0.1231 | Identity: 0.0811
2026-10-06 04:29:09,178 | Epoch [85/150] Step [2500/5630] | G: 2.5363 | D_A: 0.1911 | D_B: 0.0820 | Cycle: 0.0877 | Identity: 0.0548
2026-10-06 04:29:45,576 | Epoch [85/150] Step [3000/5630] | G: 2.3584 | D_A: 0.1542 | D_B: 0.0336 | Cycle: 0.1089 | Identity: 0.0716
2026-10-06 04:30:22,012 | Epoch [85/150] Step [3500/5630] | G: 2.6451 | D_A: 0.1908 | D_B: 0.0679 | Cycle: 0.1116 | Identity: 0.0744
2026-10-06 04:30:58,239 | Epoch [85/150] Step [4000/5630] | G: 3.1015 | D_A: 0.2797 | D_B: 0.0280 | Cycle: 0.1015 | Identity: 0.0810
2026-10-06 04:31:34,621 | Epoch [85/150] Step [4500/5630] | G: 3.0128 | D_A: 0.2250 | D_B: 0.0356 | Cycle: 0.1268 | Identity: 0.0814
2026-10-06 04:32:11,278 | Epoch [85/150] Step [5000/5630] | G: 3.1555 | D_A: 0.1760 | D_B: 0.0332 | Cycle: 0.1101 | Identity: 0.0749
2026-10-06 04:32:47,469 | Epoch [85/150] Step [5500/5630] | G: 2.8311 | D_A: 0.2323 | D_B: 0.0589 | Cycle: 0.1091 | Identity: 0.0731
2026-10-06 04:32:56,880 | Epoch [85/150] done in 6.83 min | G: 2.9603 | D_A: 0.1656 | D_B: 0.0420 | Cycle: 0.1195 | Identity: 0.0848 | lr_G: 0.0001320
2026-10-06 04:33:00,403 | Epoch [85/150] local FID: 96.4402
2026-10-06 04:33:02,160 | Epoch [86/150] Step [1/5630] | G: 3.4843 | D_A: 0.1040 | D_B: 0.0293 | Cycle: 0.1175 | Identity: 0.0731
2026-10-06 04:33:38,298 | Epoch [86/150] Step [500/5630] | G: 2.6950 | D_A: 0.1366 | D_B: 0.0639 | Cycle: 0.1188 | Identity: 0.0808
2026-10-06 04:34:14,522 | Epoch [86/150] Step [1000/5630] | G: 2.9766 | D_A: 0.2678 | D_B: 0.0264 | Cycle: 0.1254 | Identity: 0.0773
2026-10-06 04:34:50,646 | Epoch [86/150] Step [1500/5630] | G: 2.9515 | D_A: 0.1515 | D_B: 0.0292 | Cycle: 0.1286 | Identity: 0.0682
2026-10-06 04:35:27,365 | Epoch [86/150] Step [2000/5630] | G: 2.9837 | D_A: 0.1383 | D_B: 0.0307 | Cycle: 0.1395 | Identity: 0.0775
2026-10-06 04:36:03,516 | Epoch [86/150] Step [2500/5630] | G: 2.9735 | D_A: 0.1939 | D_B: 0.0248 | Cycle: 0.1012 | Identity: 0.0757
2026-10-06 04:36:39,642 | Epoch [86/150] Step [3000/5630] | G: 2.3477 | D_A: 0.0973 | D_B: 0.1011 | Cycle: 0.1045 | Identity: 0.0747
2026-10-06 04:37:15,835 | Epoch [86/150] Step [3500/5630] | G: 2.5064 | D_A: 0.1383 | D_B: 0.0286 | Cycle: 0.1076 | Identity: 0.0864
2026-10-06 04:37:51,966 | Epoch [86/150] Step [4000/5630] | G: 2.7654 | D_A: 0.0882 | D_B: 0.0198 | Cycle: 0.1060 | Identity: 0.0644
2026-10-06 04:38:28,238 | Epoch [86/150] Step [4500/5630] | G: 3.3347 | D_A: 0.2328 | D_B: 0.0290 | Cycle: 0.1211 | Identity: 0.0962
2026-10-06 04:39:04,390 | Epoch [86/150] Step [5000/5630] | G: 2.9648 | D_A: 0.0724 | D_B: 0.0573 | Cycle: 0.1320 | Identity: 0.1007
2026-10-06 04:39:40,621 | Epoch [86/150] Step [5500/5630] | G: 3.1158 | D_A: 0.1092 | D_B: 0.0217 | Cycle: 0.1183 | Identity: 0.0728
2026-10-06 04:39:50,072 | Epoch [86/150] done in 6.80 min | G: 2.9576 | D_A: 0.1655 | D_B: 0.0409 | Cycle: 0.1189 | Identity: 0.0846 | lr_G: 0.0001300
2026-10-06 04:39:51,855 | Epoch [87/150] Step [1/5630] | G: 2.8908 | D_A: 0.2301 | D_B: 0.1186 | Cycle: 0.0953 | Identity: 0.0665
2026-10-06 04:40:28,260 | Epoch [87/150] Step [500/5630] | G: 2.6802 | D_A: 0.0895 | D_B: 0.0181 | Cycle: 0.1183 | Identity: 0.0543
2026-10-06 04:41:04,409 | Epoch [87/150] Step [1000/5630] | G: 3.3537 | D_A: 0.1076 | D_B: 0.0525 | Cycle: 0.1119 | Identity: 0.0732
2026-10-06 04:41:40,643 | Epoch [87/150] Step [1500/5630] | G: 2.9982 | D_A: 0.1233 | D_B: 0.0173 | Cycle: 0.1035 | Identity: 0.0700
2026-10-06 04:42:17,064 | Epoch [87/150] Step [2000/5630] | G: 2.9349 | D_A: 0.1637 | D_B: 0.0206 | Cycle: 0.1292 | Identity: 0.0796
2026-10-06 04:42:53,363 | Epoch [87/150] Step [2500/5630] | G: 3.4162 | D_A: 0.1577 | D_B: 0.0360 | Cycle: 0.1321 | Identity: 0.0903
2026-10-06 04:43:29,624 | Epoch [87/150] Step [3000/5630] | G: 3.2510 | D_A: 0.1255 | D_B: 0.0237 | Cycle: 0.1223 | Identity: 0.1257
2026-10-06 04:44:06,097 | Epoch [87/150] Step [3500/5630] | G: 2.8692 | D_A: 0.1733 | D_B: 0.0268 | Cycle: 0.0710 | Identity: 0.0919
2026-10-06 04:44:42,277 | Epoch [87/150] Step [4000/5630] | G: 3.9928 | D_A: 0.2239 | D_B: 0.0506 | Cycle: 0.1538 | Identity: 0.1061
2026-10-06 04:45:18,443 | Epoch [87/150] Step [4500/5630] | G: 2.5815 | D_A: 0.0701 | D_B: 0.0681 | Cycle: 0.0995 | Identity: 0.0671
2026-10-06 04:45:54,605 | Epoch [87/150] Step [5000/5630] | G: 2.6452 | D_A: 0.1784 | D_B: 0.0502 | Cycle: 0.1098 | Identity: 0.1190
2026-10-06 04:46:30,731 | Epoch [87/150] Step [5500/5630] | G: 2.5223 | D_A: 0.1569 | D_B: 0.0457 | Cycle: 0.0872 | Identity: 0.0866
2026-10-06 04:46:40,238 | Epoch [87/150] done in 6.81 min | G: 2.9418 | D_A: 0.1642 | D_B: 0.0415 | Cycle: 0.1177 | Identity: 0.0836 | lr_G: 0.0001280
2026-10-06 04:46:42,071 | Epoch [88/150] Step [1/5630] | G: 3.2810 | D_A: 0.1851 | D_B: 0.0401 | Cycle: 0.1220 | Identity: 0.0681
2026-10-06 04:47:18,153 | Epoch [88/150] Step [500/5630] | G: 2.7479 | D_A: 0.1416 | D_B: 0.0452 | Cycle: 0.1184 | Identity: 0.0993
2026-10-06 04:47:54,553 | Epoch [88/150] Step [1000/5630] | G: 2.5190 | D_A: 0.0999 | D_B: 0.0708 | Cycle: 0.1014 | Identity: 0.0543
2026-10-06 04:48:30,709 | Epoch [88/150] Step [1500/5630] | G: 3.3145 | D_A: 0.3018 | D_B: 0.0544 | Cycle: 0.1392 | Identity: 0.0863
2026-10-06 04:49:06,895 | Epoch [88/150] Step [2000/5630] | G: 2.6614 | D_A: 0.1390 | D_B: 0.0205 | Cycle: 0.1227 | Identity: 0.0986
2026-10-06 04:49:42,983 | Epoch [88/150] Step [2500/5630] | G: 2.7501 | D_A: 0.1147 | D_B: 0.0364 | Cycle: 0.1081 | Identity: 0.0637
2026-10-06 04:50:19,156 | Epoch [88/150] Step [3000/5630] | G: 2.7953 | D_A: 0.1103 | D_B: 0.0378 | Cycle: 0.1025 | Identity: 0.0699
2026-10-06 04:50:55,290 | Epoch [88/150] Step [3500/5630] | G: 3.2776 | D_A: 0.2079 | D_B: 0.0127 | Cycle: 0.1245 | Identity: 0.0812
2026-10-06 04:51:31,443 | Epoch [88/150] Step [4000/5630] | G: 2.2834 | D_A: 0.0776 | D_B: 0.0347 | Cycle: 0.1130 | Identity: 0.0960
2026-10-06 04:52:07,584 | Epoch [88/150] Step [4500/5630] | G: 2.6734 | D_A: 0.2030 | D_B: 0.0155 | Cycle: 0.1028 | Identity: 0.0877
2026-10-06 04:52:43,995 | Epoch [88/150] Step [5000/5630] | G: 3.1898 | D_A: 0.1457 | D_B: 0.0202 | Cycle: 0.1376 | Identity: 0.0820
2026-10-06 04:53:20,115 | Epoch [88/150] Step [5500/5630] | G: 2.6441 | D_A: 0.1333 | D_B: 0.0300 | Cycle: 0.1278 | Identity: 0.0790
2026-10-06 04:53:29,523 | Epoch [88/150] done in 6.79 min | G: 2.9325 | D_A: 0.1655 | D_B: 0.0412 | Cycle: 0.1171 | Identity: 0.0835 | lr_G: 0.0001260
2026-10-06 04:53:31,093 | Epoch [89/150] Step [1/5630] | G: 2.8848 | D_A: 0.0928 | D_B: 0.0319 | Cycle: 0.1326 | Identity: 0.0695
2026-10-06 04:54:07,192 | Epoch [89/150] Step [500/5630] | G: 2.6208 | D_A: 0.2259 | D_B: 0.0167 | Cycle: 0.1011 | Identity: 0.0763
2026-10-06 04:54:43,349 | Epoch [89/150] Step [1000/5630] | G: 2.9424 | D_A: 0.2472 | D_B: 0.0557 | Cycle: 0.1271 | Identity: 0.0811
2026-10-06 04:55:19,492 | Epoch [89/150] Step [1500/5630] | G: 2.2983 | D_A: 0.1653 | D_B: 0.0368 | Cycle: 0.0958 | Identity: 0.0598
2026-10-06 04:55:55,969 | Epoch [89/150] Step [2000/5630] | G: 3.3878 | D_A: 0.0884 | D_B: 0.0226 | Cycle: 0.1418 | Identity: 0.1087
2026-10-06 04:56:32,104 | Epoch [89/150] Step [2500/5630] | G: 3.3493 | D_A: 0.1396 | D_B: 0.0566 | Cycle: 0.1485 | Identity: 0.1376
2026-10-06 04:57:08,432 | Epoch [89/150] Step [3000/5630] | G: 2.5667 | D_A: 0.2013 | D_B: 0.0425 | Cycle: 0.1067 | Identity: 0.0728
2026-10-06 04:57:44,664 | Epoch [89/150] Step [3500/5630] | G: 3.2660 | D_A: 0.0879 | D_B: 0.0315 | Cycle: 0.1207 | Identity: 0.0718
2026-10-06 04:58:21,261 | Epoch [89/150] Step [4000/5630] | G: 3.1508 | D_A: 0.1278 | D_B: 0.0649 | Cycle: 0.1303 | Identity: 0.0968
2026-10-06 04:58:57,410 | Epoch [89/150] Step [4500/5630] | G: 2.4751 | D_A: 0.2610 | D_B: 0.0309 | Cycle: 0.0848 | Identity: 0.0580
2026-10-06 04:59:33,570 | Epoch [89/150] Step [5000/5630] | G: 2.9105 | D_A: 0.0636 | D_B: 0.0309 | Cycle: 0.0945 | Identity: 0.0770
2026-10-06 05:00:09,699 | Epoch [89/150] Step [5500/5630] | G: 2.6692 | D_A: 0.0746 | D_B: 0.0511 | Cycle: 0.1012 | Identity: 0.0672
2026-10-06 05:00:19,101 | Epoch [89/150] done in 6.80 min | G: 2.9311 | D_A: 0.1665 | D_B: 0.0403 | Cycle: 0.1170 | Identity: 0.0828 | lr_G: 0.0001240
2026-10-06 05:00:20,879 | Epoch [90/150] Step [1/5630] | G: 2.5560 | D_A: 0.0893 | D_B: 0.0416 | Cycle: 0.1098 | Identity: 0.0805
2026-10-06 05:00:56,896 | Epoch [90/150] Step [500/5630] | G: 2.6506 | D_A: 0.0888 | D_B: 0.1032 | Cycle: 0.1100 | Identity: 0.0783
2026-10-06 05:01:33,363 | Epoch [90/150] Step [1000/5630] | G: 3.2992 | D_A: 0.0623 | D_B: 0.0554 | Cycle: 0.1255 | Identity: 0.0768
2026-10-06 05:02:10,029 | Epoch [90/150] Step [1500/5630] | G: 2.3933 | D_A: 0.1392 | D_B: 0.1358 | Cycle: 0.1051 | Identity: 0.0570
2026-10-06 05:02:46,286 | Epoch [90/150] Step [2000/5630] | G: 2.5500 | D_A: 0.1206 | D_B: 0.0171 | Cycle: 0.1028 | Identity: 0.0620
2026-10-06 05:03:22,636 | Epoch [90/150] Step [2500/5630] | G: 2.9916 | D_A: 0.1985 | D_B: 0.0370 | Cycle: 0.1039 | Identity: 0.0672
2026-10-06 05:03:58,782 | Epoch [90/150] Step [3000/5630] | G: 2.3346 | D_A: 0.2388 | D_B: 0.0497 | Cycle: 0.0931 | Identity: 0.0576
2026-10-06 05:04:34,926 | Epoch [90/150] Step [3500/5630] | G: 2.7382 | D_A: 0.1227 | D_B: 0.0419 | Cycle: 0.1133 | Identity: 0.0746
2026-10-06 05:05:11,060 | Epoch [90/150] Step [4000/5630] | G: 3.3741 | D_A: 0.2517 | D_B: 0.0314 | Cycle: 0.1126 | Identity: 0.0904
2026-10-06 05:05:47,185 | Epoch [90/150] Step [4500/5630] | G: 2.9017 | D_A: 0.1464 | D_B: 0.0325 | Cycle: 0.1223 | Identity: 0.0833
2026-10-06 05:06:23,380 | Epoch [90/150] Step [5000/5630] | G: 2.3681 | D_A: 0.1643 | D_B: 0.0489 | Cycle: 0.0849 | Identity: 0.0552
2026-10-06 05:06:59,684 | Epoch [90/150] Step [5500/5630] | G: 2.8271 | D_A: 0.1127 | D_B: 0.0163 | Cycle: 0.1015 | Identity: 0.0779
2026-10-06 05:07:09,091 | Epoch [90/150] done in 6.81 min | G: 2.9285 | D_A: 0.1640 | D_B: 0.0401 | Cycle: 0.1168 | Identity: 0.0824 | lr_G: 0.0001220
2026-10-06 05:07:12,624 | Epoch [90/150] local FID: 95.3388
2026-10-06 05:07:15,157 | Epoch [91/150] Step [1/5630] | G: 2.4160 | D_A: 0.0570 | D_B: 0.0372 | Cycle: 0.0853 | Identity: 0.0498
2026-10-06 05:07:51,221 | Epoch [91/150] Step [500/5630] | G: 2.8359 | D_A: 0.1379 | D_B: 0.0194 | Cycle: 0.1173 | Identity: 0.0900
2026-10-06 05:08:27,766 | Epoch [91/150] Step [1000/5630] | G: 2.9055 | D_A: 0.0836 | D_B: 0.0207 | Cycle: 0.1033 | Identity: 0.0657
2026-10-06 05:09:04,104 | Epoch [91/150] Step [1500/5630] | G: 2.9785 | D_A: 0.1603 | D_B: 0.0209 | Cycle: 0.1142 | Identity: 0.0767
2026-10-06 05:09:40,283 | Epoch [91/150] Step [2000/5630] | G: 3.4333 | D_A: 0.3305 | D_B: 0.0183 | Cycle: 0.1032 | Identity: 0.1335
2026-10-06 05:10:16,405 | Epoch [91/150] Step [2500/5630] | G: 3.0986 | D_A: 0.3101 | D_B: 0.0459 | Cycle: 0.1341 | Identity: 0.0942
2026-10-06 05:10:52,983 | Epoch [91/150] Step [3000/5630] | G: 2.8628 | D_A: 0.1500 | D_B: 0.0254 | Cycle: 0.1157 | Identity: 0.0853
2026-10-06 05:11:29,191 | Epoch [91/150] Step [3500/5630] | G: 2.4930 | D_A: 0.2580 | D_B: 0.0264 | Cycle: 0.0861 | Identity: 0.0784
2026-10-06 05:12:05,338 | Epoch [91/150] Step [4000/5630] | G: 3.1653 | D_A: 0.0938 | D_B: 0.0295 | Cycle: 0.1336 | Identity: 0.1126
2026-10-06 05:12:41,457 | Epoch [91/150] Step [4500/5630] | G: 2.3899 | D_A: 0.1215 | D_B: 0.0279 | Cycle: 0.0935 | Identity: 0.0743
2026-10-06 05:13:17,640 | Epoch [91/150] Step [5000/5630] | G: 2.8761 | D_A: 0.1564 | D_B: 0.0240 | Cycle: 0.1189 | Identity: 0.0861
2026-10-06 05:13:53,757 | Epoch [91/150] Step [5500/5630] | G: 2.6169 | D_A: 0.2889 | D_B: 0.0303 | Cycle: 0.1053 | Identity: 0.0714
2026-10-06 05:14:03,186 | Epoch [91/150] done in 6.81 min | G: 2.9195 | D_A: 0.1664 | D_B: 0.0391 | Cycle: 0.1159 | Identity: 0.0818 | lr_G: 0.0001200
2026-10-06 05:14:04,627 | Epoch [92/150] Step [1/5630] | G: 3.4217 | D_A: 0.1163 | D_B: 0.0284 | Cycle: 0.1394 | Identity: 0.0951
2026-10-06 05:14:40,764 | Epoch [92/150] Step [500/5630] | G: 3.0405 | D_A: 0.1150 | D_B: 0.1102 | Cycle: 0.1332 | Identity: 0.0789
2026-10-06 05:15:16,954 | Epoch [92/150] Step [1000/5630] | G: 2.3666 | D_A: 0.1232 | D_B: 0.0331 | Cycle: 0.0901 | Identity: 0.0678
2026-10-06 05:15:53,344 | Epoch [92/150] Step [1500/5630] | G: 2.9182 | D_A: 0.0865 | D_B: 0.0141 | Cycle: 0.1153 | Identity: 0.0863
2026-10-06 05:16:29,516 | Epoch [92/150] Step [2000/5630] | G: 2.5266 | D_A: 0.1833 | D_B: 0.0266 | Cycle: 0.0982 | Identity: 0.0659
2026-10-06 05:17:05,745 | Epoch [92/150] Step [2500/5630] | G: 3.3781 | D_A: 0.0816 | D_B: 0.0289 | Cycle: 0.1268 | Identity: 0.0809
2026-10-06 05:17:42,317 | Epoch [92/150] Step [3000/5630] | G: 2.9725 | D_A: 0.2126 | D_B: 0.0187 | Cycle: 0.1366 | Identity: 0.0646
2026-10-06 05:18:18,525 | Epoch [92/150] Step [3500/5630] | G: 2.9345 | D_A: 0.1240 | D_B: 0.0946 | Cycle: 0.1000 | Identity: 0.0686
2026-10-06 05:18:54,891 | Epoch [92/150] Step [4000/5630] | G: 2.6444 | D_A: 0.1916 | D_B: 0.0520 | Cycle: 0.1024 | Identity: 0.0653
2026-10-06 05:19:31,092 | Epoch [92/150] Step [4500/5630] | G: 3.1260 | D_A: 0.2575 | D_B: 0.0452 | Cycle: 0.1467 | Identity: 0.0944
2026-10-06 05:20:07,312 | Epoch [92/150] Step [5000/5630] | G: 3.3128 | D_A: 0.1947 | D_B: 0.0405 | Cycle: 0.1171 | Identity: 0.0690
2026-10-06 05:20:43,455 | Epoch [92/150] Step [5500/5630] | G: 3.1421 | D_A: 0.1839 | D_B: 0.0429 | Cycle: 0.1429 | Identity: 0.0902
2026-10-06 05:20:52,861 | Epoch [92/150] done in 6.81 min | G: 2.9126 | D_A: 0.1656 | D_B: 0.0392 | Cycle: 0.1156 | Identity: 0.0814 | lr_G: 0.0001180
2026-10-06 05:20:54,318 | Epoch [93/150] Step [1/5630] | G: 2.9300 | D_A: 0.1279 | D_B: 0.0461 | Cycle: 0.1151 | Identity: 0.0933
2026-10-06 05:21:30,339 | Epoch [93/150] Step [500/5630] | G: 2.7153 | D_A: 0.1439 | D_B: 0.0394 | Cycle: 0.0977 | Identity: 0.0793
2026-10-06 05:22:06,688 | Epoch [93/150] Step [1000/5630] | G: 2.5382 | D_A: 0.2196 | D_B: 0.0607 | Cycle: 0.0991 | Identity: 0.0642
2026-10-06 05:22:42,888 | Epoch [93/150] Step [1500/5630] | G: 2.6340 | D_A: 0.1995 | D_B: 0.0337 | Cycle: 0.0777 | Identity: 0.0479
2026-10-06 05:23:19,053 | Epoch [93/150] Step [2000/5630] | G: 3.5032 | D_A: 0.2069 | D_B: 0.0122 | Cycle: 0.1481 | Identity: 0.1194
2026-10-06 05:23:55,348 | Epoch [93/150] Step [2500/5630] | G: 3.1629 | D_A: 0.2749 | D_B: 0.0130 | Cycle: 0.1053 | Identity: 0.0913
2026-10-06 05:24:31,553 | Epoch [93/150] Step [3000/5630] | G: 2.6338 | D_A: 0.1592 | D_B: 0.0451 | Cycle: 0.1141 | Identity: 0.0739
2026-10-06 05:25:08,284 | Epoch [93/150] Step [3500/5630] | G: 2.3026 | D_A: 0.0566 | D_B: 0.0719 | Cycle: 0.1071 | Identity: 0.0852
2026-10-06 05:25:44,442 | Epoch [93/150] Step [4000/5630] | G: 2.5856 | D_A: 0.1701 | D_B: 0.0357 | Cycle: 0.0960 | Identity: 0.0691
2026-10-06 05:26:21,081 | Epoch [93/150] Step [4500/5630] | G: 2.4814 | D_A: 0.1329 | D_B: 0.0316 | Cycle: 0.1146 | Identity: 0.0700
2026-10-06 05:26:57,247 | Epoch [93/150] Step [5000/5630] | G: 3.0985 | D_A: 0.1091 | D_B: 0.0166 | Cycle: 0.1380 | Identity: 0.0964
2026-10-06 05:27:33,693 | Epoch [93/150] Step [5500/5630] | G: 3.3190 | D_A: 0.2990 | D_B: 0.0249 | Cycle: 0.1284 | Identity: 0.0845
2026-10-06 05:27:43,098 | Epoch [93/150] done in 6.82 min | G: 2.9066 | D_A: 0.1665 | D_B: 0.0386 | Cycle: 0.1152 | Identity: 0.0805 | lr_G: 0.0001160
2026-10-06 05:27:44,551 | Epoch [94/150] Step [1/5630] | G: 2.8260 | D_A: 0.2113 | D_B: 0.0268 | Cycle: 0.1110 | Identity: 0.0688
2026-10-06 05:28:20,743 | Epoch [94/150] Step [500/5630] | G: 2.7216 | D_A: 0.2669 | D_B: 0.0815 | Cycle: 0.1159 | Identity: 0.0716
2026-10-06 05:28:56,866 | Epoch [94/150] Step [1000/5630] | G: 2.6575 | D_A: 0.1916 | D_B: 0.0197 | Cycle: 0.0944 | Identity: 0.0703
2026-10-06 05:29:33,041 | Epoch [94/150] Step [1500/5630] | G: 3.2031 | D_A: 0.1223 | D_B: 0.0255 | Cycle: 0.1377 | Identity: 0.0962
2026-10-06 05:30:09,189 | Epoch [94/150] Step [2000/5630] | G: 2.3421 | D_A: 0.4220 | D_B: 0.0870 | Cycle: 0.1295 | Identity: 0.0827
2026-10-06 05:30:45,263 | Epoch [94/150] Step [2500/5630] | G: 5.0615 | D_A: 0.2087 | D_B: 0.0597 | Cycle: 0.2339 | Identity: 0.1794
2026-10-06 05:31:21,654 | Epoch [94/150] Step [3000/5630] | G: 3.1896 | D_A: 0.0876 | D_B: 0.0249 | Cycle: 0.1190 | Identity: 0.0740
2026-10-06 05:31:57,797 | Epoch [94/150] Step [3500/5630] | G: 2.8924 | D_A: 0.1552 | D_B: 0.0207 | Cycle: 0.1145 | Identity: 0.0743
2026-10-06 05:32:33,988 | Epoch [94/150] Step [4000/5630] | G: 2.6825 | D_A: 0.0934 | D_B: 0.0360 | Cycle: 0.1115 | Identity: 0.0695
2026-10-06 05:33:10,164 | Epoch [94/150] Step [4500/5630] | G: 3.7670 | D_A: 0.1173 | D_B: 0.0209 | Cycle: 0.1010 | Identity: 0.0621
2026-10-06 05:33:46,333 | Epoch [94/150] Step [5000/5630] | G: 2.9641 | D_A: 0.2087 | D_B: 0.0214 | Cycle: 0.1393 | Identity: 0.0754
2026-10-06 05:34:22,884 | Epoch [94/150] Step [5500/5630] | G: 2.4585 | D_A: 0.2311 | D_B: 0.0699 | Cycle: 0.0958 | Identity: 0.0810
2026-10-06 05:34:32,332 | Epoch [94/150] done in 6.80 min | G: 2.8981 | D_A: 0.1668 | D_B: 0.0383 | Cycle: 0.1149 | Identity: 0.0801 | lr_G: 0.0001140
2026-10-06 05:34:33,760 | Epoch [95/150] Step [1/5630] | G: 3.4358 | D_A: 0.0606 | D_B: 0.0598 | Cycle: 0.1343 | Identity: 0.0728
2026-10-06 05:35:10,031 | Epoch [95/150] Step [500/5630] | G: 2.6613 | D_A: 0.2405 | D_B: 0.0720 | Cycle: 0.0993 | Identity: 0.0963
2026-10-06 05:35:46,130 | Epoch [95/150] Step [1000/5630] | G: 2.8311 | D_A: 0.1411 | D_B: 0.0139 | Cycle: 0.1074 | Identity: 0.0619
2026-10-06 05:36:22,305 | Epoch [95/150] Step [1500/5630] | G: 2.3089 | D_A: 0.1632 | D_B: 0.0273 | Cycle: 0.0853 | Identity: 0.0489
2026-10-06 05:36:58,907 | Epoch [95/150] Step [2000/5630] | G: 3.0586 | D_A: 0.2491 | D_B: 0.0279 | Cycle: 0.1572 | Identity: 0.0718
2026-10-06 05:37:35,070 | Epoch [95/150] Step [2500/5630] | G: 2.6180 | D_A: 0.1169 | D_B: 0.0147 | Cycle: 0.0983 | Identity: 0.0772
2026-10-06 05:38:11,413 | Epoch [95/150] Step [3000/5630] | G: 2.9390 | D_A: 0.0803 | D_B: 0.0171 | Cycle: 0.1055 | Identity: 0.0823
2026-10-06 05:38:47,970 | Epoch [95/150] Step [3500/5630] | G: 2.9258 | D_A: 0.1978 | D_B: 0.0235 | Cycle: 0.1053 | Identity: 0.0683
2026-10-06 05:39:24,214 | Epoch [95/150] Step [4000/5630] | G: 2.8120 | D_A: 0.1421 | D_B: 0.0234 | Cycle: 0.1099 | Identity: 0.0764
2026-10-06 05:40:00,366 | Epoch [95/150] Step [4500/5630] | G: 2.9621 | D_A: 0.1199 | D_B: 0.0393 | Cycle: 0.1083 | Identity: 0.0711
2026-10-06 05:40:36,523 | Epoch [95/150] Step [5000/5630] | G: 2.5629 | D_A: 0.3535 | D_B: 0.0383 | Cycle: 0.1034 | Identity: 0.0721
2026-10-06 05:41:12,645 | Epoch [95/150] Step [5500/5630] | G: 3.0218 | D_A: 0.1777 | D_B: 0.1420 | Cycle: 0.0979 | Identity: 0.0739
2026-10-06 05:41:22,067 | Epoch [95/150] done in 6.81 min | G: 2.8986 | D_A: 0.1666 | D_B: 0.0374 | Cycle: 0.1146 | Identity: 0.0802 | lr_G: 0.0001120
2026-10-06 05:41:25,570 | Epoch [95/150] local FID: 97.4924
2026-10-06 05:41:27,178 | Epoch [96/150] Step [1/5630] | G: 2.6440 | D_A: 0.2456 | D_B: 0.0229 | Cycle: 0.1243 | Identity: 0.0801
2026-10-06 05:42:03,455 | Epoch [96/150] Step [500/5630] | G: 2.9936 | D_A: 0.1134 | D_B: 0.0522 | Cycle: 0.1278 | Identity: 0.0820
2026-10-06 05:42:39,746 | Epoch [96/150] Step [1000/5630] | G: 3.1860 | D_A: 0.1133 | D_B: 0.0433 | Cycle: 0.1393 | Identity: 0.0919
2026-10-06 05:43:15,980 | Epoch [96/150] Step [1500/5630] | G: 3.1017 | D_A: 0.0808 | D_B: 0.0121 | Cycle: 0.1088 | Identity: 0.0865
2026-10-06 05:43:52,216 | Epoch [96/150] Step [2000/5630] | G: 2.5688 | D_A: 0.1625 | D_B: 0.0383 | Cycle: 0.1066 | Identity: 0.0743
2026-10-06 05:44:28,712 | Epoch [96/150] Step [2500/5630] | G: 2.9977 | D_A: 0.1663 | D_B: 0.0166 | Cycle: 0.0997 | Identity: 0.0606
2026-10-06 05:45:04,883 | Epoch [96/150] Step [3000/5630] | G: 2.6079 | D_A: 0.1527 | D_B: 0.0527 | Cycle: 0.1089 | Identity: 0.0756
2026-10-06 05:45:41,114 | Epoch [96/150] Step [3500/5630] | G: 2.6828 | D_A: 0.0837 | D_B: 0.0299 | Cycle: 0.1124 | Identity: 0.0747
2026-10-06 05:46:17,427 | Epoch [96/150] Step [4000/5630] | G: 2.5594 | D_A: 0.0792 | D_B: 0.0154 | Cycle: 0.0979 | Identity: 0.0753
2026-10-06 05:46:53,745 | Epoch [96/150] Step [4500/5630] | G: 2.3938 | D_A: 0.1704 | D_B: 0.0471 | Cycle: 0.1082 | Identity: 0.0659
2026-10-06 05:47:29,978 | Epoch [96/150] Step [5000/5630] | G: 3.6508 | D_A: 0.0707 | D_B: 0.0318 | Cycle: 0.1591 | Identity: 0.0959
2026-10-06 05:48:06,878 | Epoch [96/150] Step [5500/5630] | G: 2.7595 | D_A: 0.2340 | D_B: 0.0434 | Cycle: 0.1079 | Identity: 0.0871
2026-10-06 05:48:16,409 | Epoch [96/150] done in 6.83 min | G: 2.8867 | D_A: 0.1663 | D_B: 0.0377 | Cycle: 0.1139 | Identity: 0.0790 | lr_G: 0.0001100
2026-10-06 05:48:17,942 | Epoch [97/150] Step [1/5630] | G: 3.2946 | D_A: 0.1165 | D_B: 0.0334 | Cycle: 0.1492 | Identity: 0.1057
2026-10-06 05:48:56,978 | Epoch [97/150] Step [500/5630] | G: 2.9777 | D_A: 0.1349 | D_B: 0.0177 | Cycle: 0.1386 | Identity: 0.0756
2026-10-06 05:49:34,052 | Epoch [97/150] Step [1000/5630] | G: 3.0623 | D_A: 0.2022 | D_B: 0.0184 | Cycle: 0.1089 | Identity: 0.0594
2026-10-06 05:50:10,879 | Epoch [97/150] Step [1500/5630] | G: 3.4120 | D_A: 0.1559 | D_B: 0.0436 | Cycle: 0.1241 | Identity: 0.0730
2026-10-06 05:50:47,622 | Epoch [97/150] Step [2000/5630] | G: 3.0028 | D_A: 0.0862 | D_B: 0.0654 | Cycle: 0.1361 | Identity: 0.0775
2026-10-06 05:51:24,556 | Epoch [97/150] Step [2500/5630] | G: 2.6114 | D_A: 0.1149 | D_B: 0.0398 | Cycle: 0.1077 | Identity: 0.0608
2026-10-06 05:52:01,395 | Epoch [97/150] Step [3000/5630] | G: 2.4366 | D_A: 0.2195 | D_B: 0.0289 | Cycle: 0.1016 | Identity: 0.0643
2026-10-06 05:52:37,640 | Epoch [97/150] Step [3500/5630] | G: 1.9380 | D_A: 0.1644 | D_B: 0.0165 | Cycle: 0.0925 | Identity: 0.0492
2026-10-06 05:53:13,909 | Epoch [97/150] Step [4000/5630] | G: 2.8279 | D_A: 0.2697 | D_B: 0.0250 | Cycle: 0.1139 | Identity: 0.0818
2026-10-06 05:53:50,491 | Epoch [97/150] Step [4500/5630] | G: 3.4170 | D_A: 0.3897 | D_B: 0.0198 | Cycle: 0.1557 | Identity: 0.1319
2026-10-06 05:54:26,565 | Epoch [97/150] Step [5000/5630] | G: 3.6067 | D_A: 0.1685 | D_B: 0.0431 | Cycle: 0.1394 | Identity: 0.0887
2026-10-06 05:55:02,636 | Epoch [97/150] Step [5500/5630] | G: 2.6680 | D_A: 0.1502 | D_B: 0.0247 | Cycle: 0.1199 | Identity: 0.0659
2026-10-06 05:55:12,043 | Epoch [97/150] done in 6.91 min | G: 2.8864 | D_A: 0.1665 | D_B: 0.0374 | Cycle: 0.1135 | Identity: 0.0787 | lr_G: 0.0001080
2026-10-06 05:55:13,481 | Epoch [98/150] Step [1/5630] | G: 2.9206 | D_A: 0.0894 | D_B: 0.0179 | Cycle: 0.1112 | Identity: 0.0745
2026-10-06 05:55:49,688 | Epoch [98/150] Step [500/5630] | G: 2.7957 | D_A: 0.0909 | D_B: 0.0303 | Cycle: 0.1007 | Identity: 0.0847
2026-10-06 05:56:25,815 | Epoch [98/150] Step [1000/5630] | G: 3.4212 | D_A: 0.1517 | D_B: 0.0170 | Cycle: 0.1373 | Identity: 0.1197
2026-10-06 05:57:02,047 | Epoch [98/150] Step [1500/5630] | G: 2.8096 | D_A: 0.0997 | D_B: 0.0240 | Cycle: 0.0960 | Identity: 0.0523
2026-10-06 05:57:38,330 | Epoch [98/150] Step [2000/5630] | G: 3.7309 | D_A: 0.1086 | D_B: 0.0604 | Cycle: 0.1308 | Identity: 0.0829
2026-10-06 05:58:14,508 | Epoch [98/150] Step [2500/5630] | G: 2.5478 | D_A: 0.1980 | D_B: 0.0318 | Cycle: 0.0925 | Identity: 0.0573
2026-10-06 05:58:50,701 | Epoch [98/150] Step [3000/5630] | G: 3.4451 | D_A: 0.0943 | D_B: 0.0638 | Cycle: 0.1093 | Identity: 0.0707
2026-10-06 05:59:26,853 | Epoch [98/150] Step [3500/5630] | G: 3.0960 | D_A: 0.1948 | D_B: 0.0725 | Cycle: 0.1351 | Identity: 0.0881
2026-10-06 06:00:03,130 | Epoch [98/150] Step [4000/5630] | G: 3.3149 | D_A: 0.1148 | D_B: 0.0319 | Cycle: 0.1116 | Identity: 0.0793
2026-10-06 06:00:39,199 | Epoch [98/150] Step [4500/5630] | G: 3.3211 | D_A: 0.1629 | D_B: 0.0200 | Cycle: 0.1115 | Identity: 0.0713
2026-10-06 06:01:15,290 | Epoch [98/150] Step [5000/5630] | G: 2.4767 | D_A: 0.2162 | D_B: 0.0213 | Cycle: 0.1123 | Identity: 0.0748
2026-10-06 06:01:51,387 | Epoch [98/150] Step [5500/5630] | G: 3.5921 | D_A: 0.1699 | D_B: 0.0856 | Cycle: 0.1526 | Identity: 0.1185
2026-10-06 06:02:00,841 | Epoch [98/150] done in 6.79 min | G: 2.8814 | D_A: 0.1657 | D_B: 0.0366 | Cycle: 0.1132 | Identity: 0.0780 | lr_G: 0.0001060
2026-10-06 06:02:02,325 | Epoch [99/150] Step [1/5630] | G: 2.3644 | D_A: 0.2324 | D_B: 0.0259 | Cycle: 0.1155 | Identity: 0.0540
2026-10-06 06:02:38,388 | Epoch [99/150] Step [500/5630] | G: 3.2176 | D_A: 0.1168 | D_B: 0.0412 | Cycle: 0.0985 | Identity: 0.0962
2026-10-06 06:03:14,442 | Epoch [99/150] Step [1000/5630] | G: 2.4053 | D_A: 0.0856 | D_B: 0.1506 | Cycle: 0.1110 | Identity: 0.0977
2026-10-06 06:03:50,815 | Epoch [99/150] Step [1500/5630] | G: 3.1940 | D_A: 0.1541 | D_B: 0.0611 | Cycle: 0.1054 | Identity: 0.0658
2026-10-06 06:04:26,929 | Epoch [99/150] Step [2000/5630] | G: 3.2211 | D_A: 0.2219 | D_B: 0.0241 | Cycle: 0.1266 | Identity: 0.0857
2026-10-06 06:05:03,031 | Epoch [99/150] Step [2500/5630] | G: 2.5637 | D_A: 0.1181 | D_B: 0.0211 | Cycle: 0.1023 | Identity: 0.0745
2026-10-06 06:05:39,077 | Epoch [99/150] Step [3000/5630] | G: 3.3572 | D_A: 0.1595 | D_B: 0.0847 | Cycle: 0.1269 | Identity: 0.1208
2026-10-06 06:06:15,674 | Epoch [99/150] Step [3500/5630] | G: 2.6222 | D_A: 0.1214 | D_B: 0.0196 | Cycle: 0.1006 | Identity: 0.0623
2026-10-06 06:06:51,827 | Epoch [99/150] Step [4000/5630] | G: 2.9656 | D_A: 0.1318 | D_B: 0.0458 | Cycle: 0.1353 | Identity: 0.0930
2026-10-06 06:07:27,962 | Epoch [99/150] Step [4500/5630] | G: 2.5504 | D_A: 0.1731 | D_B: 0.0123 | Cycle: 0.0996 | Identity: 0.0555
2026-10-06 06:08:04,067 | Epoch [99/150] Step [5000/5630] | G: 3.1169 | D_A: 0.1567 | D_B: 0.0200 | Cycle: 0.1273 | Identity: 0.0850
2026-10-06 06:08:40,460 | Epoch [99/150] Step [5500/5630] | G: 2.8479 | D_A: 0.1343 | D_B: 0.0495 | Cycle: 0.1019 | Identity: 0.0562
2026-10-06 06:08:49,892 | Epoch [99/150] done in 6.80 min | G: 2.8689 | D_A: 0.1667 | D_B: 0.0366 | Cycle: 0.1126 | Identity: 0.0777 | lr_G: 0.0001040
2026-10-06 06:08:51,364 | Epoch [100/150] Step [1/5630] | G: 3.1037 | D_A: 0.2623 | D_B: 0.0177 | Cycle: 0.1310 | Identity: 0.0821
2026-10-06 06:09:27,594 | Epoch [100/150] Step [500/5630] | G: 3.1936 | D_A: 0.1283 | D_B: 0.0229 | Cycle: 0.1212 | Identity: 0.1315
2026-10-06 06:10:03,678 | Epoch [100/150] Step [1000/5630] | G: 3.8860 | D_A: 0.1679 | D_B: 0.0225 | Cycle: 0.1571 | Identity: 0.1050
2026-10-06 06:10:39,760 | Epoch [100/150] Step [1500/5630] | G: 2.1999 | D_A: 0.1185 | D_B: 0.0272 | Cycle: 0.0914 | Identity: 0.0700
2026-10-06 06:11:15,915 | Epoch [100/150] Step [2000/5630] | G: 3.3024 | D_A: 0.0714 | D_B: 0.0243 | Cycle: 0.1257 | Identity: 0.0723
2026-10-06 06:11:52,029 | Epoch [100/150] Step [2500/5630] | G: 2.1555 | D_A: 0.1414 | D_B: 0.0666 | Cycle: 0.0772 | Identity: 0.0588
2026-10-06 06:12:28,207 | Epoch [100/150] Step [3000/5630] | G: 2.7167 | D_A: 0.2135 | D_B: 0.0184 | Cycle: 0.1095 | Identity: 0.0684
2026-10-06 06:13:04,278 | Epoch [100/150] Step [3500/5630] | G: 3.6446 | D_A: 0.1619 | D_B: 0.0292 | Cycle: 0.1342 | Identity: 0.0816
2026-10-06 06:13:40,515 | Epoch [100/150] Step [4000/5630] | G: 2.7048 | D_A: 0.2547 | D_B: 0.0406 | Cycle: 0.1050 | Identity: 0.0750
2026-10-06 06:14:16,618 | Epoch [100/150] Step [4500/5630] | G: 2.1462 | D_A: 0.2307 | D_B: 0.1173 | Cycle: 0.1005 | Identity: 0.0533
2026-10-06 06:14:52,721 | Epoch [100/150] Step [5000/5630] | G: 2.6033 | D_A: 0.2885 | D_B: 0.0260 | Cycle: 0.1066 | Identity: 0.0624
2026-10-06 06:15:28,855 | Epoch [100/150] Step [5500/5630] | G: 2.7201 | D_A: 0.1140 | D_B: 0.0478 | Cycle: 0.1148 | Identity: 0.0626
2026-10-06 06:15:38,237 | Epoch [100/150] done in 6.78 min | G: 2.8610 | D_A: 0.1653 | D_B: 0.0360 | Cycle: 0.1115 | Identity: 0.0769 | lr_G: 0.0001020
2026-10-06 06:15:41,657 | Epoch [100/150] local FID: 96.5397
2026-10-06 06:15:43,938 | Epoch [101/150] Step [1/5630] | G: 2.7710 | D_A: 0.1716 | D_B: 0.0691 | Cycle: 0.1234 | Identity: 0.0854
2026-10-06 06:16:20,075 | Epoch [101/150] Step [500/5630] | G: 2.6894 | D_A: 0.1211 | D_B: 0.0258 | Cycle: 0.1161 | Identity: 0.0814
2026-10-06 06:16:56,504 | Epoch [101/150] Step [1000/5630] | G: 2.3877 | D_A: 0.0830 | D_B: 0.1080 | Cycle: 0.0925 | Identity: 0.0607
2026-10-06 06:17:32,569 | Epoch [101/150] Step [1500/5630] | G: 3.4056 | D_A: 0.1656 | D_B: 0.0275 | Cycle: 0.1614 | Identity: 0.0681
2026-10-06 06:18:08,688 | Epoch [101/150] Step [2000/5630] | G: 2.7348 | D_A: 0.2203 | D_B: 0.0569 | Cycle: 0.1548 | Identity: 0.0858
2026-10-06 06:18:44,849 | Epoch [101/150] Step [2500/5630] | G: 2.4839 | D_A: 0.0789 | D_B: 0.1058 | Cycle: 0.1209 | Identity: 0.0857
2026-10-06 06:19:20,982 | Epoch [101/150] Step [3000/5630] | G: 2.3094 | D_A: 0.2042 | D_B: 0.0324 | Cycle: 0.0844 | Identity: 0.0652
2026-10-06 06:19:57,361 | Epoch [101/150] Step [3500/5630] | G: 2.8984 | D_A: 0.1465 | D_B: 0.0143 | Cycle: 0.1016 | Identity: 0.0683
2026-10-06 06:20:33,477 | Epoch [101/150] Step [4000/5630] | G: 3.1480 | D_A: 0.1066 | D_B: 0.0172 | Cycle: 0.1075 | Identity: 0.0885
2026-10-06 06:21:09,551 | Epoch [101/150] Step [4500/5630] | G: 3.1810 | D_A: 0.2259 | D_B: 0.0321 | Cycle: 0.1057 | Identity: 0.0678
2026-10-06 06:21:45,619 | Epoch [101/150] Step [5000/5630] | G: 3.2727 | D_A: 0.2380 | D_B: 0.0184 | Cycle: 0.1373 | Identity: 0.0619
2026-10-06 06:22:21,744 | Epoch [101/150] Step [5500/5630] | G: 2.8609 | D_A: 0.0761 | D_B: 0.0502 | Cycle: 0.0935 | Identity: 0.0575
2026-10-06 06:22:31,133 | Epoch [101/150] done in 6.79 min | G: 2.8625 | D_A: 0.1662 | D_B: 0.0357 | Cycle: 0.1115 | Identity: 0.0766 | lr_G: 0.0001000
2026-10-06 06:22:32,622 | Epoch [102/150] Step [1/5630] | G: 2.0083 | D_A: 0.1599 | D_B: 0.1097 | Cycle: 0.0825 | Identity: 0.0730
2026-10-06 06:23:09,141 | Epoch [102/150] Step [500/5630] | G: 2.7993 | D_A: 0.0902 | D_B: 0.0568 | Cycle: 0.1229 | Identity: 0.0601
2026-10-06 06:23:45,274 | Epoch [102/150] Step [1000/5630] | G: 2.5724 | D_A: 0.1136 | D_B: 0.0368 | Cycle: 0.1001 | Identity: 0.0785
2026-10-06 06:24:21,569 | Epoch [102/150] Step [1500/5630] | G: 2.7989 | D_A: 0.3731 | D_B: 0.0171 | Cycle: 0.1115 | Identity: 0.0681
2026-10-06 06:24:57,809 | Epoch [102/150] Step [2000/5630] | G: 3.0501 | D_A: 0.1099 | D_B: 0.0454 | Cycle: 0.1055 | Identity: 0.0690
2026-10-06 06:25:34,109 | Epoch [102/150] Step [2500/5630] | G: 2.9363 | D_A: 0.1333 | D_B: 0.0445 | Cycle: 0.1331 | Identity: 0.0889
2026-10-06 06:26:10,149 | Epoch [102/150] Step [3000/5630] | G: 3.0794 | D_A: 0.1850 | D_B: 0.0283 | Cycle: 0.1328 | Identity: 0.0924
2026-10-06 06:26:46,386 | Epoch [102/150] Step [3500/5630] | G: 2.6464 | D_A: 0.2225 | D_B: 0.0272 | Cycle: 0.0988 | Identity: 0.0620
2026-10-06 06:27:22,533 | Epoch [102/150] Step [4000/5630] | G: 2.7761 | D_A: 0.1648 | D_B: 0.0163 | Cycle: 0.0805 | Identity: 0.0842
2026-10-06 06:27:58,562 | Epoch [102/150] Step [4500/5630] | G: 3.0076 | D_A: 0.1644 | D_B: 0.0253 | Cycle: 0.1062 | Identity: 0.0735
2026-10-06 06:28:34,929 | Epoch [102/150] Step [5000/5630] | G: 3.0024 | D_A: 0.1383 | D_B: 0.0416 | Cycle: 0.0939 | Identity: 0.0794
2026-10-06 06:29:11,051 | Epoch [102/150] Step [5500/5630] | G: 2.9089 | D_A: 0.2186 | D_B: 0.0160 | Cycle: 0.0956 | Identity: 0.0698
2026-10-06 06:29:20,427 | Epoch [102/150] done in 6.80 min | G: 2.8497 | D_A: 0.1665 | D_B: 0.0354 | Cycle: 0.1110 | Identity: 0.0757 | lr_G: 0.0000980
2026-10-06 06:29:21,864 | Epoch [103/150] Step [1/5630] | G: 2.2798 | D_A: 0.1515 | D_B: 0.0731 | Cycle: 0.0960 | Identity: 0.0596
2026-10-06 06:29:57,932 | Epoch [103/150] Step [500/5630] | G: 2.7951 | D_A: 0.1079 | D_B: 0.0500 | Cycle: 0.0986 | Identity: 0.0571
2026-10-06 06:30:34,129 | Epoch [103/150] Step [1000/5630] | G: 2.4515 | D_A: 0.2083 | D_B: 0.0215 | Cycle: 0.0894 | Identity: 0.0453
2026-10-06 06:31:10,242 | Epoch [103/150] Step [1500/5630] | G: 2.4077 | D_A: 0.1333 | D_B: 0.0215 | Cycle: 0.1047 | Identity: 0.0819
2026-10-06 06:31:46,746 | Epoch [103/150] Step [2000/5630] | G: 2.5017 | D_A: 0.1816 | D_B: 0.0220 | Cycle: 0.1015 | Identity: 0.0622
2026-10-06 06:32:22,852 | Epoch [103/150] Step [2500/5630] | G: 3.1462 | D_A: 0.3502 | D_B: 0.0244 | Cycle: 0.1231 | Identity: 0.0855
2026-10-06 06:32:59,170 | Epoch [103/150] Step [3000/5630] | G: 2.8272 | D_A: 0.3583 | D_B: 0.0154 | Cycle: 0.0986 | Identity: 0.0630
2026-10-06 06:33:35,313 | Epoch [103/150] Step [3500/5630] | G: 2.7250 | D_A: 0.1324 | D_B: 0.0218 | Cycle: 0.1465 | Identity: 0.1005
2026-10-06 06:34:11,369 | Epoch [103/150] Step [4000/5630] | G: 2.9357 | D_A: 0.2209 | D_B: 0.0334 | Cycle: 0.0996 | Identity: 0.0625
2026-10-06 06:34:47,418 | Epoch [103/150] Step [4500/5630] | G: 2.9217 | D_A: 0.1938 | D_B: 0.0344 | Cycle: 0.1099 | Identity: 0.0883
2026-10-06 06:35:23,733 | Epoch [103/150] Step [5000/5630] | G: 3.6169 | D_A: 0.1442 | D_B: 0.0527 | Cycle: 0.1510 | Identity: 0.1002
2026-10-06 06:35:59,794 | Epoch [103/150] Step [5500/5630] | G: 2.9330 | D_A: 0.1212 | D_B: 0.0158 | Cycle: 0.1005 | Identity: 0.0856
2026-10-06 06:36:09,215 | Epoch [103/150] done in 6.79 min | G: 2.8445 | D_A: 0.1669 | D_B: 0.0348 | Cycle: 0.1106 | Identity: 0.0752 | lr_G: 0.0000960
2026-10-06 06:36:10,637 | Epoch [104/150] Step [1/5630] | G: 3.1498 | D_A: 0.1622 | D_B: 0.0246 | Cycle: 0.1399 | Identity: 0.0800
2026-10-06 06:36:46,790 | Epoch [104/150] Step [500/5630] | G: 2.5655 | D_A: 0.1534 | D_B: 0.0328 | Cycle: 0.0937 | Identity: 0.0680
2026-10-06 06:37:22,857 | Epoch [104/150] Step [1000/5630] | G: 2.7621 | D_A: 0.1414 | D_B: 0.0334 | Cycle: 0.1085 | Identity: 0.0727
2026-10-06 06:37:58,897 | Epoch [104/150] Step [1500/5630] | G: 2.9442 | D_A: 0.2151 | D_B: 0.0542 | Cycle: 0.1267 | Identity: 0.0679
2026-10-06 06:38:34,963 | Epoch [104/150] Step [2000/5630] | G: 2.5387 | D_A: 0.2156 | D_B: 0.0589 | Cycle: 0.1216 | Identity: 0.0728
2026-10-06 06:39:11,025 | Epoch [104/150] Step [2500/5630] | G: 3.5026 | D_A: 0.2610 | D_B: 0.0650 | Cycle: 0.1479 | Identity: 0.1094
2026-10-06 06:39:47,119 | Epoch [104/150] Step [3000/5630] | G: 2.6725 | D_A: 0.1083 | D_B: 0.0193 | Cycle: 0.1126 | Identity: 0.0625
2026-10-06 06:40:23,269 | Epoch [104/150] Step [3500/5630] | G: 2.2157 | D_A: 0.2382 | D_B: 0.0244 | Cycle: 0.0930 | Identity: 0.0579
2026-10-06 06:40:59,368 | Epoch [104/150] Step [4000/5630] | G: 3.0017 | D_A: 0.1018 | D_B: 0.0296 | Cycle: 0.0967 | Identity: 0.0686
2026-10-06 06:41:35,504 | Epoch [104/150] Step [4500/5630] | G: 2.5817 | D_A: 0.1436 | D_B: 0.0310 | Cycle: 0.0852 | Identity: 0.0515
2026-10-06 06:42:11,602 | Epoch [104/150] Step [5000/5630] | G: 2.6741 | D_A: 0.0923 | D_B: 0.0250 | Cycle: 0.0975 | Identity: 0.0673
2026-10-06 06:42:47,739 | Epoch [104/150] Step [5500/5630] | G: 2.7443 | D_A: 0.1658 | D_B: 0.0411 | Cycle: 0.0933 | Identity: 0.0567
2026-10-06 06:42:57,167 | Epoch [104/150] done in 6.78 min | G: 2.8484 | D_A: 0.1669 | D_B: 0.0342 | Cycle: 0.1105 | Identity: 0.0749 | lr_G: 0.0000940
2026-10-06 06:42:58,607 | Epoch [105/150] Step [1/5630] | G: 2.6681 | D_A: 0.2211 | D_B: 0.0128 | Cycle: 0.1121 | Identity: 0.0739
2026-10-06 06:43:34,654 | Epoch [105/150] Step [500/5630] | G: 3.0835 | D_A: 0.2928 | D_B: 0.0308 | Cycle: 0.1209 | Identity: 0.0709
2026-10-06 06:44:10,715 | Epoch [105/150] Step [1000/5630] | G: 2.8537 | D_A: 0.0783 | D_B: 0.0305 | Cycle: 0.1237 | Identity: 0.0597
2026-10-06 06:44:46,947 | Epoch [105/150] Step [1500/5630] | G: 2.9124 | D_A: 0.2633 | D_B: 0.0229 | Cycle: 0.1290 | Identity: 0.0758
2026-10-06 06:45:23,048 | Epoch [105/150] Step [2000/5630] | G: 2.8760 | D_A: 0.0900 | D_B: 0.0259 | Cycle: 0.0794 | Identity: 0.0564
2026-10-06 06:45:59,115 | Epoch [105/150] Step [2500/5630] | G: 2.8531 | D_A: 0.1948 | D_B: 0.0166 | Cycle: 0.1012 | Identity: 0.0797
2026-10-06 06:46:35,341 | Epoch [105/150] Step [3000/5630] | G: 3.2286 | D_A: 0.1411 | D_B: 0.0182 | Cycle: 0.1434 | Identity: 0.0676
2026-10-06 06:47:11,805 | Epoch [105/150] Step [3500/5630] | G: 2.5930 | D_A: 0.2947 | D_B: 0.0350 | Cycle: 0.0751 | Identity: 0.0547
2026-10-06 06:47:47,980 | Epoch [105/150] Step [4000/5630] | G: 3.1186 | D_A: 0.2438 | D_B: 0.0295 | Cycle: 0.1233 | Identity: 0.0661
2026-10-06 06:48:24,471 | Epoch [105/150] Step [4500/5630] | G: 2.5173 | D_A: 0.1459 | D_B: 0.0294 | Cycle: 0.1202 | Identity: 0.0754
2026-10-06 06:49:00,513 | Epoch [105/150] Step [5000/5630] | G: 2.2821 | D_A: 0.1397 | D_B: 0.0405 | Cycle: 0.1009 | Identity: 0.0594
2026-10-06 06:49:36,734 | Epoch [105/150] Step [5500/5630] | G: 3.1811 | D_A: 0.0881 | D_B: 0.0306 | Cycle: 0.1272 | Identity: 0.0800
2026-10-06 06:49:46,157 | Epoch [105/150] done in 6.80 min | G: 2.8361 | D_A: 0.1658 | D_B: 0.0343 | Cycle: 0.1098 | Identity: 0.0743 | lr_G: 0.0000920
2026-10-06 06:49:49,621 | Epoch [105/150] local FID: 95.1067
2026-10-06 06:49:51,234 | Epoch [106/150] Step [1/5630] | G: 2.4322 | D_A: 0.1764 | D_B: 0.0382 | Cycle: 0.0968 | Identity: 0.0691
2026-10-06 06:50:27,262 | Epoch [106/150] Step [500/5630] | G: 3.3610 | D_A: 0.2150 | D_B: 0.0252 | Cycle: 0.1384 | Identity: 0.0926
2026-10-06 06:51:03,437 | Epoch [106/150] Step [1000/5630] | G: 3.5060 | D_A: 0.2519 | D_B: 0.0234 | Cycle: 0.1218 | Identity: 0.0769
2026-10-06 06:51:39,645 | Epoch [106/150] Step [1500/5630] | G: 2.8806 | D_A: 0.0973 | D_B: 0.0473 | Cycle: 0.0964 | Identity: 0.0522
2026-10-06 06:52:15,810 | Epoch [106/150] Step [2000/5630] | G: 2.2922 | D_A: 0.1626 | D_B: 0.0407 | Cycle: 0.0988 | Identity: 0.0599
2026-10-06 06:52:51,979 | Epoch [106/150] Step [2500/5630] | G: 2.9482 | D_A: 0.0834 | D_B: 0.0261 | Cycle: 0.1047 | Identity: 0.0617
2026-10-06 06:53:28,156 | Epoch [106/150] Step [3000/5630] | G: 2.3332 | D_A: 0.2238 | D_B: 0.0260 | Cycle: 0.0765 | Identity: 0.0676
2026-10-06 06:54:04,384 | Epoch [106/150] Step [3500/5630] | G: 2.8317 | D_A: 0.1955 | D_B: 0.0358 | Cycle: 0.1030 | Identity: 0.0664
2026-10-06 06:54:40,595 | Epoch [106/150] Step [4000/5630] | G: 3.6162 | D_A: 0.2341 | D_B: 0.0267 | Cycle: 0.1710 | Identity: 0.1122
2026-10-06 06:55:16,823 | Epoch [106/150] Step [4500/5630] | G: 2.9396 | D_A: 0.1264 | D_B: 0.0180 | Cycle: 0.1319 | Identity: 0.0678
2026-10-06 06:55:52,997 | Epoch [106/150] Step [5000/5630] | G: 2.6561 | D_A: 0.1982 | D_B: 0.0367 | Cycle: 0.0970 | Identity: 0.0647
2026-10-06 06:56:29,574 | Epoch [106/150] Step [5500/5630] | G: 2.8567 | D_A: 0.1125 | D_B: 0.0146 | Cycle: 0.0980 | Identity: 0.0595
2026-10-06 06:56:38,998 | Epoch [106/150] done in 6.80 min | G: 2.8296 | D_A: 0.1664 | D_B: 0.0339 | Cycle: 0.1092 | Identity: 0.0741 | lr_G: 0.0000900
2026-10-06 06:56:40,511 | Epoch [107/150] Step [1/5630] | G: 2.3868 | D_A: 0.1817 | D_B: 0.0244 | Cycle: 0.0847 | Identity: 0.0480
2026-10-06 06:57:16,769 | Epoch [107/150] Step [500/5630] | G: 3.2914 | D_A: 0.0695 | D_B: 0.0173 | Cycle: 0.1237 | Identity: 0.0938
2026-10-06 06:57:53,364 | Epoch [107/150] Step [1000/5630] | G: 2.8259 | D_A: 0.1107 | D_B: 0.0260 | Cycle: 0.1153 | Identity: 0.0695
2026-10-06 06:58:29,495 | Epoch [107/150] Step [1500/5630] | G: 2.9460 | D_A: 0.1143 | D_B: 0.0208 | Cycle: 0.1139 | Identity: 0.0816
2026-10-06 06:59:05,708 | Epoch [107/150] Step [2000/5630] | G: 2.9446 | D_A: 0.1911 | D_B: 0.0624 | Cycle: 0.1185 | Identity: 0.0854
2026-10-06 06:59:41,984 | Epoch [107/150] Step [2500/5630] | G: 3.2718 | D_A: 0.1551 | D_B: 0.0246 | Cycle: 0.1481 | Identity: 0.0918
2026-10-06 07:00:18,195 | Epoch [107/150] Step [3000/5630] | G: 3.4676 | D_A: 0.0939 | D_B: 0.0422 | Cycle: 0.1136 | Identity: 0.0616
2026-10-06 07:00:54,289 | Epoch [107/150] Step [3500/5630] | G: 3.2497 | D_A: 0.0621 | D_B: 0.0247 | Cycle: 0.1203 | Identity: 0.0762
2026-10-06 07:01:30,446 | Epoch [107/150] Step [4000/5630] | G: 3.1216 | D_A: 0.1206 | D_B: 0.0193 | Cycle: 0.1024 | Identity: 0.0808
2026-10-06 07:02:06,765 | Epoch [107/150] Step [4500/5630] | G: 2.5464 | D_A: 0.2598 | D_B: 0.0196 | Cycle: 0.1005 | Identity: 0.0717
2026-10-06 07:02:43,043 | Epoch [107/150] Step [5000/5630] | G: 2.1143 | D_A: 0.1737 | D_B: 0.0431 | Cycle: 0.0888 | Identity: 0.0697
2026-10-06 07:03:19,151 | Epoch [107/150] Step [5500/5630] | G: 2.7729 | D_A: 0.1492 | D_B: 0.0442 | Cycle: 0.1188 | Identity: 0.0752
2026-10-06 07:03:28,564 | Epoch [107/150] done in 6.80 min | G: 2.8273 | D_A: 0.1667 | D_B: 0.0334 | Cycle: 0.1090 | Identity: 0.0735 | lr_G: 0.0000880
2026-10-06 07:03:30,008 | Epoch [108/150] Step [1/5630] | G: 2.3444 | D_A: 0.1618 | D_B: 0.0170 | Cycle: 0.0927 | Identity: 0.0610
2026-10-06 07:04:06,058 | Epoch [108/150] Step [500/5630] | G: 2.8714 | D_A: 0.2023 | D_B: 0.0370 | Cycle: 0.1375 | Identity: 0.0888
2026-10-06 07:04:42,315 | Epoch [108/150] Step [1000/5630] | G: 2.4130 | D_A: 0.0906 | D_B: 0.0379 | Cycle: 0.0858 | Identity: 0.0794
2026-10-06 07:05:18,482 | Epoch [108/150] Step [1500/5630] | G: 4.5750 | D_A: 0.3353 | D_B: 0.0276 | Cycle: 0.1284 | Identity: 0.1919
2026-10-06 07:05:54,668 | Epoch [108/150] Step [2000/5630] | G: 3.2635 | D_A: 0.1194 | D_B: 0.0433 | Cycle: 0.1223 | Identity: 0.0663
2026-10-06 07:06:30,868 | Epoch [108/150] Step [2500/5630] | G: 2.8204 | D_A: 0.1395 | D_B: 0.0219 | Cycle: 0.1036 | Identity: 0.0586
2026-10-06 07:07:07,076 | Epoch [108/150] Step [3000/5630] | G: 2.4775 | D_A: 0.1374 | D_B: 0.0219 | Cycle: 0.1180 | Identity: 0.0762
2026-10-06 07:07:43,395 | Epoch [108/150] Step [3500/5630] | G: 2.4558 | D_A: 0.1854 | D_B: 0.0378 | Cycle: 0.0920 | Identity: 0.0577
2026-10-06 07:08:19,654 | Epoch [108/150] Step [4000/5630] | G: 2.8513 | D_A: 0.2833 | D_B: 0.0159 | Cycle: 0.1250 | Identity: 0.0553
2026-10-06 07:08:55,756 | Epoch [108/150] Step [4500/5630] | G: 3.5689 | D_A: 0.1586 | D_B: 0.0305 | Cycle: 0.1341 | Identity: 0.0817
2026-10-06 07:09:31,894 | Epoch [108/150] Step [5000/5630] | G: 2.8778 | D_A: 0.2116 | D_B: 0.0265 | Cycle: 0.1098 | Identity: 0.0774
2026-10-06 07:10:08,005 | Epoch [108/150] Step [5500/5630] | G: 2.4509 | D_A: 0.1187 | D_B: 0.0412 | Cycle: 0.0791 | Identity: 0.0513
2026-10-06 07:10:17,403 | Epoch [108/150] done in 6.79 min | G: 2.8263 | D_A: 0.1663 | D_B: 0.0331 | Cycle: 0.1091 | Identity: 0.0734 | lr_G: 0.0000860
2026-10-06 07:10:18,845 | Epoch [109/150] Step [1/5630] | G: 3.0970 | D_A: 0.1812 | D_B: 0.0193 | Cycle: 0.1183 | Identity: 0.0737
2026-10-06 07:10:54,877 | Epoch [109/150] Step [500/5630] | G: 2.7855 | D_A: 0.1011 | D_B: 0.0195 | Cycle: 0.0998 | Identity: 0.1012
2026-10-06 07:11:31,155 | Epoch [109/150] Step [1000/5630] | G: 3.0405 | D_A: 0.1908 | D_B: 0.0396 | Cycle: 0.1122 | Identity: 0.0965
2026-10-06 07:12:07,505 | Epoch [109/150] Step [1500/5630] | G: 2.6508 | D_A: 0.2389 | D_B: 0.0274 | Cycle: 0.1061 | Identity: 0.0646
2026-10-06 07:12:43,651 | Epoch [109/150] Step [2000/5630] | G: 3.5299 | D_A: 0.2670 | D_B: 0.0139 | Cycle: 0.1346 | Identity: 0.0929
2026-10-06 07:13:19,802 | Epoch [109/150] Step [2500/5630] | G: 2.6556 | D_A: 0.0904 | D_B: 0.0213 | Cycle: 0.1249 | Identity: 0.0705
2026-10-06 07:13:56,014 | Epoch [109/150] Step [3000/5630] | G: 2.6161 | D_A: 0.2136 | D_B: 0.0258 | Cycle: 0.1049 | Identity: 0.0812
2026-10-06 07:14:32,172 | Epoch [109/150] Step [3500/5630] | G: 2.7432 | D_A: 0.2141 | D_B: 0.0165 | Cycle: 0.0896 | Identity: 0.0836
2026-10-06 07:15:08,253 | Epoch [109/150] Step [4000/5630] | G: 2.9937 | D_A: 0.1721 | D_B: 0.0267 | Cycle: 0.1251 | Identity: 0.0891
2026-10-06 07:15:44,329 | Epoch [109/150] Step [4500/5630] | G: 3.2626 | D_A: 0.2188 | D_B: 0.0486 | Cycle: 0.1120 | Identity: 0.1072
2026-10-06 07:16:20,539 | Epoch [109/150] Step [5000/5630] | G: 2.4804 | D_A: 0.2433 | D_B: 0.0260 | Cycle: 0.1090 | Identity: 0.0671
2026-10-06 07:16:56,624 | Epoch [109/150] Step [5500/5630] | G: 3.0335 | D_A: 0.3109 | D_B: 0.0161 | Cycle: 0.0957 | Identity: 0.0591
2026-10-06 07:17:06,024 | Epoch [109/150] done in 6.79 min | G: 2.8063 | D_A: 0.1666 | D_B: 0.0331 | Cycle: 0.1079 | Identity: 0.0723 | lr_G: 0.0000840
2026-10-06 07:17:07,477 | Epoch [110/150] Step [1/5630] | G: 3.1245 | D_A: 0.0860 | D_B: 0.0270 | Cycle: 0.1217 | Identity: 0.0909
2026-10-06 07:17:43,555 | Epoch [110/150] Step [500/5630] | G: 2.8489 | D_A: 0.1322 | D_B: 0.0272 | Cycle: 0.0952 | Identity: 0.0606
2026-10-06 07:18:20,082 | Epoch [110/150] Step [1000/5630] | G: 2.8976 | D_A: 0.1434 | D_B: 0.0595 | Cycle: 0.1024 | Identity: 0.0627
2026-10-06 07:18:56,275 | Epoch [110/150] Step [1500/5630] | G: 3.4471 | D_A: 0.1048 | D_B: 0.0506 | Cycle: 0.1331 | Identity: 0.0908
2026-10-06 07:19:32,393 | Epoch [110/150] Step [2000/5630] | G: 3.0807 | D_A: 0.1804 | D_B: 0.0384 | Cycle: 0.0940 | Identity: 0.0574
2026-10-06 07:20:08,496 | Epoch [110/150] Step [2500/5630] | G: 2.4009 | D_A: 0.1905 | D_B: 0.0309 | Cycle: 0.1037 | Identity: 0.0648
2026-10-06 07:20:44,642 | Epoch [110/150] Step [3000/5630] | G: 2.8705 | D_A: 0.0765 | D_B: 0.0328 | Cycle: 0.1072 | Identity: 0.0649
2026-10-06 07:21:20,762 | Epoch [110/150] Step [3500/5630] | G: 2.8314 | D_A: 0.0845 | D_B: 0.0584 | Cycle: 0.0920 | Identity: 0.0693
2026-10-06 07:21:57,306 | Epoch [110/150] Step [4000/5630] | G: 3.0515 | D_A: 0.3046 | D_B: 0.0343 | Cycle: 0.1255 | Identity: 0.0790
2026-10-06 07:22:33,406 | Epoch [110/150] Step [4500/5630] | G: 2.6524 | D_A: 0.1839 | D_B: 0.0252 | Cycle: 0.1086 | Identity: 0.0811
2026-10-06 07:23:09,519 | Epoch [110/150] Step [5000/5630] | G: 2.8511 | D_A: 0.1793 | D_B: 0.0403 | Cycle: 0.1096 | Identity: 0.0649
2026-10-06 07:23:45,643 | Epoch [110/150] Step [5500/5630] | G: 2.8613 | D_A: 0.1199 | D_B: 0.0438 | Cycle: 0.1040 | Identity: 0.0612
2026-10-06 07:23:55,053 | Epoch [110/150] done in 6.80 min | G: 2.8095 | D_A: 0.1670 | D_B: 0.0329 | Cycle: 0.1077 | Identity: 0.0724 | lr_G: 0.0000820
2026-10-06 07:23:58,446 | Epoch [110/150] local FID: 96.6166
2026-10-06 07:24:00,708 | Epoch [111/150] Step [1/5630] | G: 2.6863 | D_A: 0.2082 | D_B: 0.0206 | Cycle: 0.1105 | Identity: 0.0667
2026-10-06 07:24:36,795 | Epoch [111/150] Step [500/5630] | G: 3.1088 | D_A: 0.1709 | D_B: 0.0500 | Cycle: 0.1130 | Identity: 0.0898
2026-10-06 07:25:12,938 | Epoch [111/150] Step [1000/5630] | G: 2.4631 | D_A: 0.2336 | D_B: 0.0290 | Cycle: 0.1025 | Identity: 0.0636
2026-10-06 07:25:49,163 | Epoch [111/150] Step [1500/5630] | G: 2.6413 | D_A: 0.1312 | D_B: 0.0443 | Cycle: 0.1125 | Identity: 0.0657
2026-10-06 07:26:25,262 | Epoch [111/150] Step [2000/5630] | G: 2.1693 | D_A: 0.2832 | D_B: 0.0281 | Cycle: 0.0915 | Identity: 0.0541
2026-10-06 07:27:01,354 | Epoch [111/150] Step [2500/5630] | G: 2.1876 | D_A: 0.1580 | D_B: 0.0270 | Cycle: 0.0745 | Identity: 0.0761
2026-10-06 07:27:37,561 | Epoch [111/150] Step [3000/5630] | G: 2.9147 | D_A: 0.0909 | D_B: 0.0172 | Cycle: 0.0994 | Identity: 0.0610
2026-10-06 07:28:13,696 | Epoch [111/150] Step [3500/5630] | G: 3.6191 | D_A: 0.2732 | D_B: 0.0399 | Cycle: 0.1498 | Identity: 0.0956
2026-10-06 07:28:49,876 | Epoch [111/150] Step [4000/5630] | G: 2.7401 | D_A: 0.0833 | D_B: 0.0289 | Cycle: 0.0954 | Identity: 0.0672
2026-10-06 07:29:26,110 | Epoch [111/150] Step [4500/5630] | G: 3.0088 | D_A: 0.3200 | D_B: 0.0243 | Cycle: 0.0999 | Identity: 0.0732
2026-10-06 07:30:02,263 | Epoch [111/150] Step [5000/5630] | G: 2.3367 | D_A: 0.1202 | D_B: 0.0907 | Cycle: 0.1055 | Identity: 0.0792
2026-10-06 07:30:38,321 | Epoch [111/150] Step [5500/5630] | G: 2.3019 | D_A: 0.1530 | D_B: 0.1438 | Cycle: 0.1041 | Identity: 0.0680
2026-10-06 07:30:47,738 | Epoch [111/150] done in 6.79 min | G: 2.8044 | D_A: 0.1673 | D_B: 0.0321 | Cycle: 0.1071 | Identity: 0.0718 | lr_G: 0.0000800
2026-10-06 07:30:49,147 | Epoch [112/150] Step [1/5630] | G: 2.2115 | D_A: 0.2266 | D_B: 0.0519 | Cycle: 0.0969 | Identity: 0.0591
2026-10-06 07:31:25,180 | Epoch [112/150] Step [500/5630] | G: 2.4152 | D_A: 0.1918 | D_B: 0.0183 | Cycle: 0.0882 | Identity: 0.0685
2026-10-06 07:32:01,291 | Epoch [112/150] Step [1000/5630] | G: 2.6881 | D_A: 0.0542 | D_B: 0.0597 | Cycle: 0.0810 | Identity: 0.0569
2026-10-06 07:32:37,429 | Epoch [112/150] Step [1500/5630] | G: 2.5609 | D_A: 0.1751 | D_B: 0.0265 | Cycle: 0.0919 | Identity: 0.0596
2026-10-06 07:33:13,571 | Epoch [112/150] Step [2000/5630] | G: 3.3587 | D_A: 0.0602 | D_B: 0.0545 | Cycle: 0.1181 | Identity: 0.0828
2026-10-06 07:33:49,647 | Epoch [112/150] Step [2500/5630] | G: 2.4914 | D_A: 0.1550 | D_B: 0.0191 | Cycle: 0.0807 | Identity: 0.0430
2026-10-06 07:34:25,877 | Epoch [112/150] Step [3000/5630] | G: 2.8475 | D_A: 0.1380 | D_B: 0.0456 | Cycle: 0.1341 | Identity: 0.0952
2026-10-06 07:35:02,158 | Epoch [112/150] Step [3500/5630] | G: 2.5233 | D_A: 0.1557 | D_B: 0.0258 | Cycle: 0.0891 | Identity: 0.0712
2026-10-06 07:35:38,326 | Epoch [112/150] Step [4000/5630] | G: 3.5276 | D_A: 0.1461 | D_B: 0.0467 | Cycle: 0.1163 | Identity: 0.0881
2026-10-06 07:36:14,442 | Epoch [112/150] Step [4500/5630] | G: 2.0114 | D_A: 0.1712 | D_B: 0.0461 | Cycle: 0.0733 | Identity: 0.0386
2026-10-06 07:36:50,600 | Epoch [112/150] Step [5000/5630] | G: 2.1245 | D_A: 0.1142 | D_B: 0.0239 | Cycle: 0.0748 | Identity: 0.0448
2026-10-06 07:37:26,760 | Epoch [112/150] Step [5500/5630] | G: 2.9638 | D_A: 0.1783 | D_B: 0.0282 | Cycle: 0.0963 | Identity: 0.0587
2026-10-06 07:37:36,171 | Epoch [112/150] done in 6.79 min | G: 2.8030 | D_A: 0.1671 | D_B: 0.0318 | Cycle: 0.1071 | Identity: 0.0714 | lr_G: 0.0000780
2026-10-06 07:37:37,580 | Epoch [113/150] Step [1/5630] | G: 2.1706 | D_A: 0.0828 | D_B: 0.0391 | Cycle: 0.0953 | Identity: 0.0644
2026-10-06 07:38:13,577 | Epoch [113/150] Step [500/5630] | G: 3.1713 | D_A: 0.3202 | D_B: 0.0287 | Cycle: 0.0964 | Identity: 0.0666
2026-10-06 07:38:50,162 | Epoch [113/150] Step [1000/5630] | G: 1.6343 | D_A: 0.1410 | D_B: 0.2005 | Cycle: 0.0786 | Identity: 0.0459
2026-10-06 07:39:26,293 | Epoch [113/150] Step [1500/5630] | G: 2.8752 | D_A: 0.2462 | D_B: 0.0249 | Cycle: 0.0993 | Identity: 0.0623
2026-10-06 07:40:02,350 | Epoch [113/150] Step [2000/5630] | G: 2.7919 | D_A: 0.0870 | D_B: 0.0341 | Cycle: 0.0859 | Identity: 0.0551
2026-10-06 07:40:38,417 | Epoch [113/150] Step [2500/5630] | G: 2.5658 | D_A: 0.2067 | D_B: 0.0729 | Cycle: 0.1138 | Identity: 0.0707
2026-10-06 07:41:14,673 | Epoch [113/150] Step [3000/5630] | G: 2.4352 | D_A: 0.2260 | D_B: 0.0510 | Cycle: 0.0825 | Identity: 0.0419
2026-10-06 07:41:50,801 | Epoch [113/150] Step [3500/5630] | G: 2.7674 | D_A: 0.1115 | D_B: 0.0190 | Cycle: 0.1060 | Identity: 0.0702
2026-10-06 07:42:26,909 | Epoch [113/150] Step [4000/5630] | G: 2.6287 | D_A: 0.2054 | D_B: 0.0602 | Cycle: 0.1071 | Identity: 0.0784
2026-10-06 07:43:02,981 | Epoch [113/150] Step [4500/5630] | G: 2.5944 | D_A: 0.1304 | D_B: 0.0180 | Cycle: 0.0919 | Identity: 0.0523
2026-10-06 07:43:39,083 | Epoch [113/150] Step [5000/5630] | G: 2.5060 | D_A: 0.2195 | D_B: 0.0341 | Cycle: 0.0881 | Identity: 0.0900
2026-10-06 07:44:15,160 | Epoch [113/150] Step [5500/5630] | G: 2.5159 | D_A: 0.1666 | D_B: 0.0130 | Cycle: 0.0882 | Identity: 0.0545
2026-10-06 07:44:24,550 | Epoch [113/150] done in 6.79 min | G: 2.7953 | D_A: 0.1674 | D_B: 0.0318 | Cycle: 0.1067 | Identity: 0.0711 | lr_G: 0.0000760
2026-10-06 07:44:26,018 | Epoch [114/150] Step [1/5630] | G: 3.0653 | D_A: 0.1553 | D_B: 0.0277 | Cycle: 0.1071 | Identity: 0.0645
2026-10-06 07:45:02,076 | Epoch [114/150] Step [500/5630] | G: 3.2608 | D_A: 0.2038 | D_B: 0.0237 | Cycle: 0.1351 | Identity: 0.0892
2026-10-06 07:45:38,239 | Epoch [114/150] Step [1000/5630] | G: 2.6745 | D_A: 0.1295 | D_B: 0.0255 | Cycle: 0.0958 | Identity: 0.0621
2026-10-06 07:46:14,294 | Epoch [114/150] Step [1500/5630] | G: 2.6524 | D_A: 0.1359 | D_B: 0.0217 | Cycle: 0.0894 | Identity: 0.0676
2026-10-06 07:46:50,466 | Epoch [114/150] Step [2000/5630] | G: 3.1513 | D_A: 0.1229 | D_B: 0.0244 | Cycle: 0.1093 | Identity: 0.0668
2026-10-06 07:47:26,696 | Epoch [114/150] Step [2500/5630] | G: 3.3215 | D_A: 0.1770 | D_B: 0.0472 | Cycle: 0.1351 | Identity: 0.0838
2026-10-06 07:48:02,801 | Epoch [114/150] Step [3000/5630] | G: 2.9480 | D_A: 0.1737 | D_B: 0.0216 | Cycle: 0.1027 | Identity: 0.0619
2026-10-06 07:48:38,891 | Epoch [114/150] Step [3500/5630] | G: 3.0907 | D_A: 0.0811 | D_B: 0.0195 | Cycle: 0.1158 | Identity: 0.0877
2026-10-06 07:49:14,963 | Epoch [114/150] Step [4000/5630] | G: 2.4047 | D_A: 0.1016 | D_B: 0.0165 | Cycle: 0.0839 | Identity: 0.0500
2026-10-06 07:49:51,089 | Epoch [114/150] Step [4500/5630] | G: 2.8176 | D_A: 0.1119 | D_B: 0.0359 | Cycle: 0.1060 | Identity: 0.0649
2026-10-06 07:50:27,302 | Epoch [114/150] Step [5000/5630] | G: 2.8950 | D_A: 0.1552 | D_B: 0.0328 | Cycle: 0.1097 | Identity: 0.0708
2026-10-06 07:51:03,480 | Epoch [114/150] Step [5500/5630] | G: 2.4975 | D_A: 0.1280 | D_B: 0.0486 | Cycle: 0.1116 | Identity: 0.0700
2026-10-06 07:51:12,892 | Epoch [114/150] done in 6.78 min | G: 2.7887 | D_A: 0.1674 | D_B: 0.0311 | Cycle: 0.1062 | Identity: 0.0707 | lr_G: 0.0000740
2026-10-06 07:51:14,331 | Epoch [115/150] Step [1/5630] | G: 3.1644 | D_A: 0.1265 | D_B: 0.0566 | Cycle: 0.1015 | Identity: 0.0722
2026-10-06 07:51:50,434 | Epoch [115/150] Step [500/5630] | G: 2.4366 | D_A: 0.2694 | D_B: 0.0216 | Cycle: 0.0884 | Identity: 0.0508
2026-10-06 07:52:26,711 | Epoch [115/150] Step [1000/5630] | G: 3.2637 | D_A: 0.1210 | D_B: 0.0240 | Cycle: 0.1388 | Identity: 0.0936
2026-10-06 07:53:02,822 | Epoch [115/150] Step [1500/5630] | G: 3.0060 | D_A: 0.1643 | D_B: 0.0202 | Cycle: 0.1067 | Identity: 0.0616
2026-10-06 07:53:39,045 | Epoch [115/150] Step [2000/5630] | G: 3.1596 | D_A: 0.1132 | D_B: 0.0226 | Cycle: 0.1159 | Identity: 0.0688
2026-10-06 07:54:15,559 | Epoch [115/150] Step [2500/5630] | G: 2.6454 | D_A: 0.1916 | D_B: 0.0239 | Cycle: 0.1200 | Identity: 0.0730
2026-10-06 07:54:51,676 | Epoch [115/150] Step [3000/5630] | G: 3.2945 | D_A: 0.2129 | D_B: 0.0149 | Cycle: 0.1280 | Identity: 0.0700
2026-10-06 07:55:27,802 | Epoch [115/150] Step [3500/5630] | G: 2.8235 | D_A: 0.2030 | D_B: 0.0179 | Cycle: 0.1078 | Identity: 0.0625
2026-10-06 07:56:03,955 | Epoch [115/150] Step [4000/5630] | G: 2.6829 | D_A: 0.1223 | D_B: 0.0481 | Cycle: 0.0951 | Identity: 0.0543
2026-10-06 07:56:40,079 | Epoch [115/150] Step [4500/5630] | G: 2.5441 | D_A: 0.1140 | D_B: 0.0191 | Cycle: 0.0826 | Identity: 0.0742
2026-10-06 07:57:16,283 | Epoch [115/150] Step [5000/5630] | G: 3.1409 | D_A: 0.1226 | D_B: 0.0372 | Cycle: 0.1208 | Identity: 0.0821
2026-10-06 07:57:52,502 | Epoch [115/150] Step [5500/5630] | G: 2.8843 | D_A: 0.1079 | D_B: 0.0192 | Cycle: 0.1058 | Identity: 0.0704
2026-10-06 07:58:01,917 | Epoch [115/150] done in 6.80 min | G: 2.7926 | D_A: 0.1671 | D_B: 0.0311 | Cycle: 0.1064 | Identity: 0.0706 | lr_G: 0.0000720
2026-10-06 07:58:05,433 | Epoch [115/150] local FID: 95.7219
2026-10-06 07:58:07,031 | Epoch [116/150] Step [1/5630] | G: 2.9858 | D_A: 0.1037 | D_B: 0.0434 | Cycle: 0.1020 | Identity: 0.0708
2026-10-06 07:58:43,419 | Epoch [116/150] Step [500/5630] | G: 2.9446 | D_A: 0.0895 | D_B: 0.0282 | Cycle: 0.1300 | Identity: 0.0740
2026-10-06 07:59:19,630 | Epoch [116/150] Step [1000/5630] | G: 2.5204 | D_A: 0.1578 | D_B: 0.0323 | Cycle: 0.1051 | Identity: 0.0660
2026-10-06 07:59:55,855 | Epoch [116/150] Step [1500/5630] | G: 2.7393 | D_A: 0.2409 | D_B: 0.0195 | Cycle: 0.1014 | Identity: 0.0670
2026-10-06 08:00:32,035 | Epoch [116/150] Step [2000/5630] | G: 2.4564 | D_A: 0.1384 | D_B: 0.0142 | Cycle: 0.0679 | Identity: 0.0500
2026-10-06 08:01:08,198 | Epoch [116/150] Step [2500/5630] | G: 3.1486 | D_A: 0.1068 | D_B: 0.0209 | Cycle: 0.1308 | Identity: 0.0759
2026-10-06 08:01:44,373 | Epoch [116/150] Step [3000/5630] | G: 2.8963 | D_A: 0.1316 | D_B: 0.0142 | Cycle: 0.1124 | Identity: 0.0681
2026-10-06 08:02:20,512 | Epoch [116/150] Step [3500/5630] | G: 2.0896 | D_A: 0.0923 | D_B: 0.0384 | Cycle: 0.0902 | Identity: 0.0457
2026-10-06 08:02:56,607 | Epoch [116/150] Step [4000/5630] | G: 2.6262 | D_A: 0.1996 | D_B: 0.0123 | Cycle: 0.1077 | Identity: 0.0720
2026-10-06 08:03:32,741 | Epoch [116/150] Step [4500/5630] | G: 2.2795 | D_A: 0.0909 | D_B: 0.0464 | Cycle: 0.0996 | Identity: 0.0580
2026-10-06 08:04:08,865 | Epoch [116/150] Step [5000/5630] | G: 3.0807 | D_A: 0.0737 | D_B: 0.0230 | Cycle: 0.1112 | Identity: 0.0751
2026-10-06 08:04:44,927 | Epoch [116/150] Step [5500/5630] | G: 3.3707 | D_A: 0.1847 | D_B: 0.0351 | Cycle: 0.1559 | Identity: 0.0939
2026-10-06 08:04:54,316 | Epoch [116/150] done in 6.79 min | G: 2.7843 | D_A: 0.1672 | D_B: 0.0309 | Cycle: 0.1058 | Identity: 0.0700 | lr_G: 0.0000700
2026-10-06 08:04:55,724 | Epoch [117/150] Step [1/5630] | G: 2.3324 | D_A: 0.2643 | D_B: 0.0237 | Cycle: 0.0753 | Identity: 0.0493
2026-10-06 08:05:31,779 | Epoch [117/150] Step [500/5630] | G: 2.8490 | D_A: 0.0822 | D_B: 0.0204 | Cycle: 0.1056 | Identity: 0.0905
2026-10-06 08:06:07,919 | Epoch [117/150] Step [1000/5630] | G: 2.2793 | D_A: 0.1478 | D_B: 0.0290 | Cycle: 0.0712 | Identity: 0.0739
2026-10-06 08:06:44,014 | Epoch [117/150] Step [1500/5630] | G: 2.7868 | D_A: 0.3084 | D_B: 0.0151 | Cycle: 0.1099 | Identity: 0.0743
2026-10-06 08:07:20,204 | Epoch [117/150] Step [2000/5630] | G: 2.9204 | D_A: 0.1617 | D_B: 0.0220 | Cycle: 0.1149 | Identity: 0.0858
2026-10-06 08:07:56,625 | Epoch [117/150] Step [2500/5630] | G: 2.8754 | D_A: 0.1279 | D_B: 0.0253 | Cycle: 0.1132 | Identity: 0.0716
2026-10-06 08:08:32,836 | Epoch [117/150] Step [3000/5630] | G: 2.9266 | D_A: 0.2221 | D_B: 0.0235 | Cycle: 0.1124 | Identity: 0.0655
2026-10-06 08:09:08,921 | Epoch [117/150] Step [3500/5630] | G: 2.6378 | D_A: 0.4005 | D_B: 0.0214 | Cycle: 0.1056 | Identity: 0.0719
2026-10-06 08:09:45,010 | Epoch [117/150] Step [4000/5630] | G: 2.9333 | D_A: 0.1229 | D_B: 0.0415 | Cycle: 0.1083 | Identity: 0.0677
2026-10-06 08:10:21,165 | Epoch [117/150] Step [4500/5630] | G: 2.5245 | D_A: 0.1215 | D_B: 0.0264 | Cycle: 0.0889 | Identity: 0.0558
2026-10-06 08:10:57,446 | Epoch [117/150] Step [5000/5630] | G: 2.8909 | D_A: 0.2021 | D_B: 0.0298 | Cycle: 0.0991 | Identity: 0.0610
2026-10-06 08:11:33,545 | Epoch [117/150] Step [5500/5630] | G: 3.0932 | D_A: 0.1931 | D_B: 0.0162 | Cycle: 0.1247 | Identity: 0.0841
2026-10-06 08:11:42,928 | Epoch [117/150] done in 6.79 min | G: 2.7742 | D_A: 0.1673 | D_B: 0.0305 | Cycle: 0.1050 | Identity: 0.0693 | lr_G: 0.0000680
2026-10-06 08:11:44,361 | Epoch [118/150] Step [1/5630] | G: 2.3782 | D_A: 0.2350 | D_B: 0.0391 | Cycle: 0.1050 | Identity: 0.0658
2026-10-06 08:12:20,484 | Epoch [118/150] Step [500/5630] | G: 3.3323 | D_A: 0.0606 | D_B: 0.0317 | Cycle: 0.0988 | Identity: 0.0670
2026-10-06 08:12:56,621 | Epoch [118/150] Step [1000/5630] | G: 2.7619 | D_A: 0.1855 | D_B: 0.0162 | Cycle: 0.0997 | Identity: 0.0701
2026-10-06 08:13:32,706 | Epoch [118/150] Step [1500/5630] | G: 2.8133 | D_A: 0.1801 | D_B: 0.0435 | Cycle: 0.0997 | Identity: 0.0590
2026-10-06 08:14:08,844 | Epoch [118/150] Step [2000/5630] | G: 3.0976 | D_A: 0.3406 | D_B: 0.0194 | Cycle: 0.0977 | Identity: 0.0636
2026-10-06 08:14:44,934 | Epoch [118/150] Step [2500/5630] | G: 2.8596 | D_A: 0.0997 | D_B: 0.0409 | Cycle: 0.1160 | Identity: 0.0719
2026-10-06 08:15:21,448 | Epoch [118/150] Step [3000/5630] | G: 2.3018 | D_A: 0.2162 | D_B: 0.0104 | Cycle: 0.0745 | Identity: 0.0400
2026-10-06 08:15:57,665 | Epoch [118/150] Step [3500/5630] | G: 2.6054 | D_A: 0.1728 | D_B: 0.0188 | Cycle: 0.0976 | Identity: 0.0581
2026-10-06 08:16:33,772 | Epoch [118/150] Step [4000/5630] | G: 3.4316 | D_A: 0.1553 | D_B: 0.0144 | Cycle: 0.1273 | Identity: 0.0977
2026-10-06 08:17:09,854 | Epoch [118/150] Step [4500/5630] | G: 2.8329 | D_A: 0.1362 | D_B: 0.0471 | Cycle: 0.0911 | Identity: 0.0792
2026-10-06 08:17:46,347 | Epoch [118/150] Step [5000/5630] | G: 2.5301 | D_A: 0.1860 | D_B: 0.0190 | Cycle: 0.0961 | Identity: 0.0569
2026-10-06 08:18:22,397 | Epoch [118/150] Step [5500/5630] | G: 2.5772 | D_A: 0.1081 | D_B: 0.0174 | Cycle: 0.1029 | Identity: 0.0615
2026-10-06 08:18:31,803 | Epoch [118/150] done in 6.79 min | G: 2.7794 | D_A: 0.1672 | D_B: 0.0300 | Cycle: 0.1051 | Identity: 0.0692 | lr_G: 0.0000660
2026-10-06 08:18:33,230 | Epoch [119/150] Step [1/5630] | G: 3.2061 | D_A: 0.1719 | D_B: 0.0297 | Cycle: 0.1471 | Identity: 0.0910
2026-10-06 08:19:09,294 | Epoch [119/150] Step [500/5630] | G: 2.1240 | D_A: 0.2364 | D_B: 0.0345 | Cycle: 0.0832 | Identity: 0.0576
2026-10-06 08:19:45,404 | Epoch [119/150] Step [1000/5630] | G: 2.8169 | D_A: 0.1058 | D_B: 0.0212 | Cycle: 0.1028 | Identity: 0.0594
2026-10-06 08:20:21,511 | Epoch [119/150] Step [1500/5630] | G: 2.4204 | D_A: 0.1492 | D_B: 0.0164 | Cycle: 0.0895 | Identity: 0.0524
2026-10-06 08:20:57,586 | Epoch [119/150] Step [2000/5630] | G: 2.8316 | D_A: 0.3600 | D_B: 0.0323 | Cycle: 0.1141 | Identity: 0.0686
2026-10-06 08:21:33,673 | Epoch [119/150] Step [2500/5630] | G: 2.4840 | D_A: 0.1245 | D_B: 0.0367 | Cycle: 0.0844 | Identity: 0.0469
2026-10-06 08:22:09,824 | Epoch [119/150] Step [3000/5630] | G: 2.5706 | D_A: 0.2455 | D_B: 0.0203 | Cycle: 0.1021 | Identity: 0.0784
2026-10-06 08:22:45,920 | Epoch [119/150] Step [3500/5630] | G: 2.9609 | D_A: 0.1024 | D_B: 0.0247 | Cycle: 0.1148 | Identity: 0.0723
2026-10-06 08:23:22,158 | Epoch [119/150] Step [4000/5630] | G: 2.6096 | D_A: 0.2827 | D_B: 0.0140 | Cycle: 0.0853 | Identity: 0.0675
2026-10-06 08:23:58,263 | Epoch [119/150] Step [4500/5630] | G: 1.8846 | D_A: 0.1480 | D_B: 0.0433 | Cycle: 0.0635 | Identity: 0.0364
2026-10-06 08:24:34,481 | Epoch [119/150] Step [5000/5630] | G: 2.3655 | D_A: 0.1481 | D_B: 0.0341 | Cycle: 0.0989 | Identity: 0.0544
2026-10-06 08:25:10,683 | Epoch [119/150] Step [5500/5630] | G: 2.8939 | D_A: 0.1158 | D_B: 0.0218 | Cycle: 0.0946 | Identity: 0.0568
2026-10-06 08:25:20,281 | Epoch [119/150] done in 6.79 min | G: 2.7746 | D_A: 0.1674 | D_B: 0.0298 | Cycle: 0.1050 | Identity: 0.0690 | lr_G: 0.0000640
2026-10-06 08:25:21,729 | Epoch [120/150] Step [1/5630] | G: 2.8775 | D_A: 0.1122 | D_B: 0.0147 | Cycle: 0.0950 | Identity: 0.0520
2026-10-06 08:25:57,789 | Epoch [120/150] Step [500/5630] | G: 2.5028 | D_A: 0.2103 | D_B: 0.0155 | Cycle: 0.0917 | Identity: 0.0784
2026-10-06 08:26:33,857 | Epoch [120/150] Step [1000/5630] | G: 2.5218 | D_A: 0.2295 | D_B: 0.0530 | Cycle: 0.1013 | Identity: 0.0541
2026-10-06 08:27:09,921 | Epoch [120/150] Step [1500/5630] | G: 2.5692 | D_A: 0.1601 | D_B: 0.0469 | Cycle: 0.0794 | Identity: 0.0597
2026-10-06 08:27:46,301 | Epoch [120/150] Step [2000/5630] | G: 3.1733 | D_A: 0.1814 | D_B: 0.0341 | Cycle: 0.1004 | Identity: 0.0572
2026-10-06 08:28:22,377 | Epoch [120/150] Step [2500/5630] | G: 2.7165 | D_A: 0.1026 | D_B: 0.0399 | Cycle: 0.0761 | Identity: 0.0740
2026-10-06 08:28:58,486 | Epoch [120/150] Step [3000/5630] | G: 2.7091 | D_A: 0.1434 | D_B: 0.0270 | Cycle: 0.1082 | Identity: 0.0586
2026-10-06 08:29:34,697 | Epoch [120/150] Step [3500/5630] | G: 2.0710 | D_A: 0.1454 | D_B: 0.0280 | Cycle: 0.0901 | Identity: 0.0531
2026-10-06 08:30:10,878 | Epoch [120/150] Step [4000/5630] | G: 2.8664 | D_A: 0.2298 | D_B: 0.0341 | Cycle: 0.1055 | Identity: 0.0997
2026-10-06 08:30:46,946 | Epoch [120/150] Step [4500/5630] | G: 3.3491 | D_A: 0.1149 | D_B: 0.0252 | Cycle: 0.1591 | Identity: 0.1061
2026-10-06 08:31:23,151 | Epoch [120/150] Step [5000/5630] | G: 2.8427 | D_A: 0.1327 | D_B: 0.0172 | Cycle: 0.1010 | Identity: 0.0781
2026-10-06 08:31:59,245 | Epoch [120/150] Step [5500/5630] | G: 2.7814 | D_A: 0.1699 | D_B: 0.0557 | Cycle: 0.0987 | Identity: 0.0652
2026-10-06 08:32:08,649 | Epoch [120/150] done in 6.79 min | G: 2.7733 | D_A: 0.1673 | D_B: 0.0295 | Cycle: 0.1046 | Identity: 0.0688 | lr_G: 0.0000620
2026-10-06 08:32:12,181 | Epoch [120/150] local FID: 95.7927
2026-10-06 08:32:14,515 | Epoch [121/150] Step [1/5630] | G: 2.7520 | D_A: 0.2327 | D_B: 0.0262 | Cycle: 0.1032 | Identity: 0.0594
2026-10-06 08:32:50,824 | Epoch [121/150] Step [500/5630] | G: 2.4575 | D_A: 0.1333 | D_B: 0.0277 | Cycle: 0.0962 | Identity: 0.0528
2026-10-06 08:33:27,004 | Epoch [121/150] Step [1000/5630] | G: 3.0319 | D_A: 0.1185 | D_B: 0.0178 | Cycle: 0.1027 | Identity: 0.0650
2026-10-06 08:34:03,393 | Epoch [121/150] Step [1500/5630] | G: 2.6646 | D_A: 0.1668 | D_B: 0.0432 | Cycle: 0.1029 | Identity: 0.0631
2026-10-06 08:34:39,880 | Epoch [121/150] Step [2000/5630] | G: 3.2614 | D_A: 0.2477 | D_B: 0.0187 | Cycle: 0.1098 | Identity: 0.0828
2026-10-06 08:35:15,971 | Epoch [121/150] Step [2500/5630] | G: 2.5936 | D_A: 0.2158 | D_B: 0.0136 | Cycle: 0.1012 | Identity: 0.0701
2026-10-06 08:35:52,167 | Epoch [121/150] Step [3000/5630] | G: 2.7150 | D_A: 0.1265 | D_B: 0.0162 | Cycle: 0.0876 | Identity: 0.0564
2026-10-06 08:36:28,312 | Epoch [121/150] Step [3500/5630] | G: 2.4609 | D_A: 0.2283 | D_B: 0.0276 | Cycle: 0.0895 | Identity: 0.0800
2026-10-06 08:37:04,633 | Epoch [121/150] Step [4000/5630] | G: 2.5912 | D_A: 0.1122 | D_B: 0.0450 | Cycle: 0.0916 | Identity: 0.0426
2026-10-06 08:37:40,733 | Epoch [121/150] Step [4500/5630] | G: 2.9164 | D_A: 0.2059 | D_B: 0.0236 | Cycle: 0.1151 | Identity: 0.0755
2026-10-06 08:38:16,815 | Epoch [121/150] Step [5000/5630] | G: 2.1126 | D_A: 0.2035 | D_B: 0.0618 | Cycle: 0.0867 | Identity: 0.0486
2026-10-06 08:38:52,959 | Epoch [121/150] Step [5500/5630] | G: 2.8844 | D_A: 0.1528 | D_B: 0.0588 | Cycle: 0.1018 | Identity: 0.0785
2026-10-06 08:39:02,345 | Epoch [121/150] done in 6.80 min | G: 2.7604 | D_A: 0.1671 | D_B: 0.0290 | Cycle: 0.1036 | Identity: 0.0682 | lr_G: 0.0000600
2026-10-06 08:39:03,802 | Epoch [122/150] Step [1/5630] | G: 3.3844 | D_A: 0.0503 | D_B: 0.0379 | Cycle: 0.0991 | Identity: 0.0761
2026-10-06 08:39:39,860 | Epoch [122/150] Step [500/5630] | G: 2.8430 | D_A: 0.2107 | D_B: 0.0260 | Cycle: 0.1184 | Identity: 0.0735
2026-10-06 08:40:16,310 | Epoch [122/150] Step [1000/5630] | G: 2.2790 | D_A: 0.1372 | D_B: 0.0211 | Cycle: 0.0609 | Identity: 0.0386
2026-10-06 08:40:52,764 | Epoch [122/150] Step [1500/5630] | G: 2.5231 | D_A: 0.1324 | D_B: 0.0477 | Cycle: 0.1043 | Identity: 0.0607
2026-10-06 08:41:28,883 | Epoch [122/150] Step [2000/5630] | G: 2.6612 | D_A: 0.0677 | D_B: 0.0385 | Cycle: 0.0978 | Identity: 0.0631
2026-10-06 08:42:05,605 | Epoch [122/150] Step [2500/5630] | G: 2.8020 | D_A: 0.1107 | D_B: 0.0176 | Cycle: 0.1076 | Identity: 0.0672
2026-10-06 08:42:41,761 | Epoch [122/150] Step [3000/5630] | G: 2.2567 | D_A: 0.0868 | D_B: 0.0752 | Cycle: 0.1128 | Identity: 0.0680
2026-10-06 08:43:17,870 | Epoch [122/150] Step [3500/5630] | G: 3.0547 | D_A: 0.2433 | D_B: 0.0237 | Cycle: 0.1128 | Identity: 0.0641
2026-10-06 08:43:53,991 | Epoch [122/150] Step [4000/5630] | G: 3.2068 | D_A: 0.2142 | D_B: 0.0341 | Cycle: 0.1101 | Identity: 0.1081
2026-10-06 08:44:30,240 | Epoch [122/150] Step [4500/5630] | G: 2.5997 | D_A: 0.1582 | D_B: 0.0555 | Cycle: 0.1007 | Identity: 0.0589
2026-10-06 08:45:06,338 | Epoch [122/150] Step [5000/5630] | G: 3.0637 | D_A: 0.0993 | D_B: 0.0230 | Cycle: 0.1182 | Identity: 0.0645
2026-10-06 08:45:42,492 | Epoch [122/150] Step [5500/5630] | G: 2.9783 | D_A: 0.1483 | D_B: 0.0240 | Cycle: 0.1250 | Identity: 0.0795
2026-10-06 08:45:51,953 | Epoch [122/150] done in 6.81 min | G: 2.7599 | D_A: 0.1667 | D_B: 0.0293 | Cycle: 0.1037 | Identity: 0.0680 | lr_G: 0.0000580
2026-10-06 08:45:53,468 | Epoch [123/150] Step [1/5630] | G: 2.5649 | D_A: 0.1732 | D_B: 0.0371 | Cycle: 0.0922 | Identity: 0.0552
2026-10-06 08:46:29,648 | Epoch [123/150] Step [500/5630] | G: 2.9705 | D_A: 0.1274 | D_B: 0.0227 | Cycle: 0.1064 | Identity: 0.0867
2026-10-06 08:47:05,747 | Epoch [123/150] Step [1000/5630] | G: 2.7935 | D_A: 0.0949 | D_B: 0.0157 | Cycle: 0.1108 | Identity: 0.0666
2026-10-06 08:47:41,883 | Epoch [123/150] Step [1500/5630] | G: 2.4465 | D_A: 0.2172 | D_B: 0.0248 | Cycle: 0.0975 | Identity: 0.0569
2026-10-06 08:48:18,225 | Epoch [123/150] Step [2000/5630] | G: 2.9133 | D_A: 0.1013 | D_B: 0.0226 | Cycle: 0.1053 | Identity: 0.0763
2026-10-06 08:48:54,397 | Epoch [123/150] Step [2500/5630] | G: 3.2727 | D_A: 0.2267 | D_B: 0.0414 | Cycle: 0.1348 | Identity: 0.0822
2026-10-06 08:49:30,510 | Epoch [123/150] Step [3000/5630] | G: 2.8634 | D_A: 0.2283 | D_B: 0.0211 | Cycle: 0.0851 | Identity: 0.0628
2026-10-06 08:50:06,730 | Epoch [123/150] Step [3500/5630] | G: 2.9306 | D_A: 0.2353 | D_B: 0.0298 | Cycle: 0.0931 | Identity: 0.0545
2026-10-06 08:50:42,917 | Epoch [123/150] Step [4000/5630] | G: 2.6221 | D_A: 0.1161 | D_B: 0.0530 | Cycle: 0.1048 | Identity: 0.0596
2026-10-06 08:51:19,232 | Epoch [123/150] Step [4500/5630] | G: 3.3794 | D_A: 0.3373 | D_B: 0.0342 | Cycle: 0.1399 | Identity: 0.0874
2026-10-06 08:51:55,375 | Epoch [123/150] Step [5000/5630] | G: 2.7182 | D_A: 0.1660 | D_B: 0.0250 | Cycle: 0.1047 | Identity: 0.0648
2026-10-06 08:52:32,063 | Epoch [123/150] Step [5500/5630] | G: 2.6627 | D_A: 0.2608 | D_B: 0.0101 | Cycle: 0.0950 | Identity: 0.0629
2026-10-06 08:52:41,516 | Epoch [123/150] done in 6.80 min | G: 2.7553 | D_A: 0.1668 | D_B: 0.0287 | Cycle: 0.1033 | Identity: 0.0675 | lr_G: 0.0000560
2026-10-06 08:52:42,952 | Epoch [124/150] Step [1/5630] | G: 2.8707 | D_A: 0.1475 | D_B: 0.0148 | Cycle: 0.0936 | Identity: 0.0485
2026-10-06 08:53:18,970 | Epoch [124/150] Step [500/5630] | G: 2.8482 | D_A: 0.0510 | D_B: 0.0167 | Cycle: 0.0920 | Identity: 0.0564
2026-10-06 08:53:55,078 | Epoch [124/150] Step [1000/5630] | G: 3.1571 | D_A: 0.2497 | D_B: 0.0143 | Cycle: 0.1378 | Identity: 0.0645
2026-10-06 08:54:31,268 | Epoch [124/150] Step [1500/5630] | G: 2.4397 | D_A: 0.2338 | D_B: 0.0138 | Cycle: 0.0647 | Identity: 0.0507
2026-10-06 08:55:07,321 | Epoch [124/150] Step [2000/5630] | G: 3.0737 | D_A: 0.1997 | D_B: 0.0394 | Cycle: 0.0923 | Identity: 0.0694
2026-10-06 08:55:43,422 | Epoch [124/150] Step [2500/5630] | G: 2.9853 | D_A: 0.2205 | D_B: 0.0158 | Cycle: 0.1094 | Identity: 0.0668
2026-10-06 08:56:19,642 | Epoch [124/150] Step [3000/5630] | G: 4.1355 | D_A: 0.1132 | D_B: 0.0252 | Cycle: 0.1784 | Identity: 0.0747
2026-10-06 08:56:55,742 | Epoch [124/150] Step [3500/5630] | G: 2.5306 | D_A: 0.1305 | D_B: 0.0173 | Cycle: 0.0909 | Identity: 0.0497
2026-10-06 08:57:31,862 | Epoch [124/150] Step [4000/5630] | G: 2.6056 | D_A: 0.2170 | D_B: 0.0227 | Cycle: 0.1033 | Identity: 0.0654
2026-10-06 08:58:07,938 | Epoch [124/150] Step [4500/5630] | G: 2.6641 | D_A: 0.2168 | D_B: 0.0157 | Cycle: 0.0961 | Identity: 0.0596
2026-10-06 08:58:44,142 | Epoch [124/150] Step [5000/5630] | G: 2.5302 | D_A: 0.1182 | D_B: 0.0314 | Cycle: 0.0846 | Identity: 0.0504
2026-10-06 08:59:20,275 | Epoch [124/150] Step [5500/5630] | G: 3.0565 | D_A: 0.1311 | D_B: 0.0217 | Cycle: 0.1119 | Identity: 0.0663
2026-10-06 08:59:29,669 | Epoch [124/150] done in 6.78 min | G: 2.7608 | D_A: 0.1661 | D_B: 0.0281 | Cycle: 0.1033 | Identity: 0.0677 | lr_G: 0.0000540
2026-10-06 08:59:31,108 | Epoch [125/150] Step [1/5630] | G: 1.9598 | D_A: 0.1131 | D_B: 0.0975 | Cycle: 0.0891 | Identity: 0.0585
2026-10-06 09:00:07,182 | Epoch [125/150] Step [500/5630] | G: 2.1919 | D_A: 0.0842 | D_B: 0.0626 | Cycle: 0.0829 | Identity: 0.0595
2026-10-06 09:00:43,291 | Epoch [125/150] Step [1000/5630] | G: 2.3298 | D_A: 0.1731 | D_B: 0.1398 | Cycle: 0.1000 | Identity: 0.0546
2026-10-06 09:01:19,366 | Epoch [125/150] Step [1500/5630] | G: 2.2805 | D_A: 0.1192 | D_B: 0.0724 | Cycle: 0.1111 | Identity: 0.0702
2026-10-06 09:01:55,433 | Epoch [125/150] Step [2000/5630] | G: 2.8857 | D_A: 0.1465 | D_B: 0.0138 | Cycle: 0.1383 | Identity: 0.0879
2026-10-06 09:02:31,531 | Epoch [125/150] Step [2500/5630] | G: 3.4919 | D_A: 0.0838 | D_B: 0.0300 | Cycle: 0.1283 | Identity: 0.0719
2026-10-06 09:03:07,612 | Epoch [125/150] Step [3000/5630] | G: 3.0039 | D_A: 0.1525 | D_B: 0.0203 | Cycle: 0.1117 | Identity: 0.0709
2026-10-06 09:03:43,914 | Epoch [125/150] Step [3500/5630] | G: 2.9006 | D_A: 0.1551 | D_B: 0.0225 | Cycle: 0.1044 | Identity: 0.0602
2026-10-06 09:04:20,045 | Epoch [125/150] Step [4000/5630] | G: 2.7343 | D_A: 0.1554 | D_B: 0.0128 | Cycle: 0.1005 | Identity: 0.0686
2026-10-06 09:04:56,158 | Epoch [125/150] Step [4500/5630] | G: 2.7242 | D_A: 0.1237 | D_B: 0.0326 | Cycle: 0.1123 | Identity: 0.0744
2026-10-06 09:05:32,402 | Epoch [125/150] Step [5000/5630] | G: 3.0666 | D_A: 0.1971 | D_B: 0.0228 | Cycle: 0.0923 | Identity: 0.0525
2026-10-06 09:06:08,544 | Epoch [125/150] Step [5500/5630] | G: 3.1318 | D_A: 0.1668 | D_B: 0.0259 | Cycle: 0.1379 | Identity: 0.0855
2026-10-06 09:06:17,942 | Epoch [125/150] done in 6.78 min | G: 2.7539 | D_A: 0.1670 | D_B: 0.0283 | Cycle: 0.1029 | Identity: 0.0669 | lr_G: 0.0000520
2026-10-06 09:06:21,503 | Epoch [125/150] local FID: 96.8404
2026-10-06 09:06:23,138 | Epoch [126/150] Step [1/5630] | G: 2.4817 | D_A: 0.1375 | D_B: 0.0315 | Cycle: 0.1021 | Identity: 0.0519
2026-10-06 09:06:59,265 | Epoch [126/150] Step [500/5630] | G: 2.4261 | D_A: 0.0767 | D_B: 0.0206 | Cycle: 0.0887 | Identity: 0.0579
2026-10-06 09:07:35,645 | Epoch [126/150] Step [1000/5630] | G: 3.0780 | D_A: 0.0508 | D_B: 0.0241 | Cycle: 0.0886 | Identity: 0.0545
2026-10-06 09:08:11,978 | Epoch [126/150] Step [1500/5630] | G: 2.5356 | D_A: 0.1860 | D_B: 0.0159 | Cycle: 0.0899 | Identity: 0.0555
2026-10-06 09:08:48,258 | Epoch [126/150] Step [2000/5630] | G: 3.1337 | D_A: 0.2700 | D_B: 0.0238 | Cycle: 0.1227 | Identity: 0.0746
2026-10-06 09:09:24,764 | Epoch [126/150] Step [2500/5630] | G: 3.7220 | D_A: 0.2200 | D_B: 0.0407 | Cycle: 0.1616 | Identity: 0.1763
2026-10-06 09:10:00,876 | Epoch [126/150] Step [3000/5630] | G: 3.0290 | D_A: 0.2047 | D_B: 0.0125 | Cycle: 0.0981 | Identity: 0.0635
2026-10-06 09:10:37,007 | Epoch [126/150] Step [3500/5630] | G: 3.0049 | D_A: 0.1711 | D_B: 0.0206 | Cycle: 0.1038 | Identity: 0.1033
2026-10-06 09:11:13,265 | Epoch [126/150] Step [4000/5630] | G: 2.4203 | D_A: 0.1692 | D_B: 0.0325 | Cycle: 0.1090 | Identity: 0.0651
2026-10-06 09:11:49,423 | Epoch [126/150] Step [4500/5630] | G: 2.2116 | D_A: 0.2861 | D_B: 0.0918 | Cycle: 0.0918 | Identity: 0.0573
2026-10-06 09:12:25,551 | Epoch [126/150] Step [5000/5630] | G: 2.3822 | D_A: 0.1142 | D_B: 0.0277 | Cycle: 0.0882 | Identity: 0.0489
2026-10-06 09:13:01,745 | Epoch [126/150] Step [5500/5630] | G: 3.2099 | D_A: 0.0667 | D_B: 0.0407 | Cycle: 0.0713 | Identity: 0.0669
2026-10-06 09:13:11,367 | Epoch [126/150] done in 6.81 min | G: 2.7522 | D_A: 0.1661 | D_B: 0.0279 | Cycle: 0.1027 | Identity: 0.0668 | lr_G: 0.0000500
2026-10-06 09:13:12,800 | Epoch [127/150] Step [1/5630] | G: 2.5494 | D_A: 0.1293 | D_B: 0.0285 | Cycle: 0.0821 | Identity: 0.0510
2026-10-06 09:13:48,899 | Epoch [127/150] Step [500/5630] | G: 2.6430 | D_A: 0.1322 | D_B: 0.1686 | Cycle: 0.1022 | Identity: 0.0632
2026-10-06 09:14:25,013 | Epoch [127/150] Step [1000/5630] | G: 3.0138 | D_A: 0.1196 | D_B: 0.0234 | Cycle: 0.1144 | Identity: 0.0754
2026-10-06 09:15:01,157 | Epoch [127/150] Step [1500/5630] | G: 2.2027 | D_A: 0.0656 | D_B: 0.0271 | Cycle: 0.0898 | Identity: 0.0601
2026-10-06 09:15:37,421 | Epoch [127/150] Step [2000/5630] | G: 2.6760 | D_A: 0.0856 | D_B: 0.0197 | Cycle: 0.0864 | Identity: 0.0670
2026-10-06 09:16:13,721 | Epoch [127/150] Step [2500/5630] | G: 2.8255 | D_A: 0.0910 | D_B: 0.0188 | Cycle: 0.0885 | Identity: 0.0505
2026-10-06 09:16:49,916 | Epoch [127/150] Step [3000/5630] | G: 2.4801 | D_A: 0.1364 | D_B: 0.0451 | Cycle: 0.0821 | Identity: 0.0464
2026-10-06 09:17:26,042 | Epoch [127/150] Step [3500/5630] | G: 2.1741 | D_A: 0.3298 | D_B: 0.0234 | Cycle: 0.1068 | Identity: 0.0635
2026-10-06 09:18:02,139 | Epoch [127/150] Step [4000/5630] | G: 2.8578 | D_A: 0.1391 | D_B: 0.0460 | Cycle: 0.1014 | Identity: 0.0618
2026-10-06 09:18:38,229 | Epoch [127/150] Step [4500/5630] | G: 2.4283 | D_A: 0.2418 | D_B: 0.0254 | Cycle: 0.0883 | Identity: 0.0459
2026-10-06 09:19:14,324 | Epoch [127/150] Step [5000/5630] | G: 2.9027 | D_A: 0.1365 | D_B: 0.0163 | Cycle: 0.0802 | Identity: 0.0453
2026-10-06 09:19:50,416 | Epoch [127/150] Step [5500/5630] | G: 2.6143 | D_A: 0.2196 | D_B: 0.0155 | Cycle: 0.0844 | Identity: 0.0691
2026-10-06 09:19:59,804 | Epoch [127/150] done in 6.79 min | G: 2.7502 | D_A: 0.1661 | D_B: 0.0277 | Cycle: 0.1025 | Identity: 0.0666 | lr_G: 0.0000480
2026-10-06 09:20:01,259 | Epoch [128/150] Step [1/5630] | G: 2.7651 | D_A: 0.2037 | D_B: 0.0196 | Cycle: 0.0941 | Identity: 0.0581
2026-10-06 09:20:37,255 | Epoch [128/150] Step [500/5630] | G: 2.2992 | D_A: 0.1835 | D_B: 0.0142 | Cycle: 0.0966 | Identity: 0.0554
2026-10-06 09:21:13,330 | Epoch [128/150] Step [1000/5630] | G: 3.0043 | D_A: 0.1895 | D_B: 0.0335 | Cycle: 0.1394 | Identity: 0.0834
2026-10-06 09:21:49,400 | Epoch [128/150] Step [1500/5630] | G: 3.2049 | D_A: 0.1291 | D_B: 0.0252 | Cycle: 0.1227 | Identity: 0.0809
2026-10-06 09:22:25,552 | Epoch [128/150] Step [2000/5630] | G: 2.7203 | D_A: 0.2819 | D_B: 0.0181 | Cycle: 0.1009 | Identity: 0.0564
2026-10-06 09:23:01,644 | Epoch [128/150] Step [2500/5630] | G: 3.4855 | D_A: 0.1892 | D_B: 0.0216 | Cycle: 0.1393 | Identity: 0.0904
2026-10-06 09:23:37,769 | Epoch [128/150] Step [3000/5630] | G: 2.5456 | D_A: 0.1045 | D_B: 0.0193 | Cycle: 0.0820 | Identity: 0.0461
2026-10-06 09:24:13,955 | Epoch [128/150] Step [3500/5630] | G: 3.0878 | D_A: 0.1122 | D_B: 0.0194 | Cycle: 0.1175 | Identity: 0.1014
2026-10-06 09:24:50,024 | Epoch [128/150] Step [4000/5630] | G: 2.3267 | D_A: 0.1354 | D_B: 0.0529 | Cycle: 0.0959 | Identity: 0.0663
2026-10-06 09:25:26,259 | Epoch [128/150] Step [4500/5630] | G: 3.0428 | D_A: 0.1643 | D_B: 0.0259 | Cycle: 0.1080 | Identity: 0.0685
2026-10-06 09:26:02,329 | Epoch [128/150] Step [5000/5630] | G: 3.0406 | D_A: 0.2058 | D_B: 0.0141 | Cycle: 0.1030 | Identity: 0.0719
2026-10-06 09:26:38,446 | Epoch [128/150] Step [5500/5630] | G: 2.4855 | D_A: 0.1477 | D_B: 0.0220 | Cycle: 0.0889 | Identity: 0.0467
2026-10-06 09:26:47,829 | Epoch [128/150] done in 6.78 min | G: 2.7501 | D_A: 0.1660 | D_B: 0.0272 | Cycle: 0.1022 | Identity: 0.0665 | lr_G: 0.0000460
2026-10-06 09:26:49,244 | Epoch [129/150] Step [1/5630] | G: 2.4917 | D_A: 0.2406 | D_B: 0.1005 | Cycle: 0.0980 | Identity: 0.0626
2026-10-06 09:27:25,387 | Epoch [129/150] Step [500/5630] | G: 2.7557 | D_A: 0.1820 | D_B: 0.0262 | Cycle: 0.1200 | Identity: 0.0768
2026-10-06 09:28:01,514 | Epoch [129/150] Step [1000/5630] | G: 2.3070 | D_A: 0.1374 | D_B: 0.0314 | Cycle: 0.0786 | Identity: 0.0437
2026-10-06 09:28:37,924 | Epoch [129/150] Step [1500/5630] | G: 2.2367 | D_A: 0.3052 | D_B: 0.0322 | Cycle: 0.0842 | Identity: 0.0452
2026-10-06 09:29:14,025 | Epoch [129/150] Step [2000/5630] | G: 2.6325 | D_A: 0.2449 | D_B: 0.0259 | Cycle: 0.0995 | Identity: 0.0644
2026-10-06 09:29:50,085 | Epoch [129/150] Step [2500/5630] | G: 3.2299 | D_A: 0.0771 | D_B: 0.0168 | Cycle: 0.1267 | Identity: 0.0781
2026-10-06 09:30:26,154 | Epoch [129/150] Step [3000/5630] | G: 2.5936 | D_A: 0.2585 | D_B: 0.0350 | Cycle: 0.0993 | Identity: 0.0686
2026-10-06 09:31:02,214 | Epoch [129/150] Step [3500/5630] | G: 3.2536 | D_A: 0.1169 | D_B: 0.0440 | Cycle: 0.1098 | Identity: 0.1058
2026-10-06 09:31:38,579 | Epoch [129/150] Step [4000/5630] | G: 2.2398 | D_A: 0.1669 | D_B: 0.0271 | Cycle: 0.0907 | Identity: 0.0474
2026-10-06 09:32:14,704 | Epoch [129/150] Step [4500/5630] | G: 2.7478 | D_A: 0.1764 | D_B: 0.0130 | Cycle: 0.1004 | Identity: 0.0559
2026-10-06 09:32:50,823 | Epoch [129/150] Step [5000/5630] | G: 2.5739 | D_A: 0.2255 | D_B: 0.0173 | Cycle: 0.0934 | Identity: 0.0523
2026-10-06 09:33:26,876 | Epoch [129/150] Step [5500/5630] | G: 2.9317 | D_A: 0.2283 | D_B: 0.0276 | Cycle: 0.1025 | Identity: 0.0856
2026-10-06 09:33:36,262 | Epoch [129/150] done in 6.79 min | G: 2.7441 | D_A: 0.1659 | D_B: 0.0272 | Cycle: 0.1019 | Identity: 0.0662 | lr_G: 0.0000440
2026-10-06 09:33:37,687 | Epoch [130/150] Step [1/5630] | G: 2.8511 | D_A: 0.1163 | D_B: 0.0800 | Cycle: 0.1166 | Identity: 0.0722
2026-10-06 09:34:13,819 | Epoch [130/150] Step [500/5630] | G: 2.8139 | D_A: 0.2375 | D_B: 0.0169 | Cycle: 0.1093 | Identity: 0.0723
2026-10-06 09:34:50,049 | Epoch [130/150] Step [1000/5630] | G: 2.8307 | D_A: 0.1533 | D_B: 0.0344 | Cycle: 0.1094 | Identity: 0.0775
2026-10-06 09:35:26,142 | Epoch [130/150] Step [1500/5630] | G: 3.5876 | D_A: 0.1220 | D_B: 0.0185 | Cycle: 0.1247 | Identity: 0.0857
2026-10-06 09:36:02,268 | Epoch [130/150] Step [2000/5630] | G: 2.8025 | D_A: 0.2118 | D_B: 0.0123 | Cycle: 0.1105 | Identity: 0.0682
2026-10-06 09:36:38,355 | Epoch [130/150] Step [2500/5630] | G: 2.9915 | D_A: 0.2316 | D_B: 0.0294 | Cycle: 0.0957 | Identity: 0.0595
2026-10-06 09:37:14,434 | Epoch [130/150] Step [3000/5630] | G: 1.9459 | D_A: 0.1372 | D_B: 0.0705 | Cycle: 0.0753 | Identity: 0.0466
2026-10-06 09:37:50,561 | Epoch [130/150] Step [3500/5630] | G: 2.4513 | D_A: 0.1694 | D_B: 0.0344 | Cycle: 0.0873 | Identity: 0.0497
2026-10-06 09:38:26,616 | Epoch [130/150] Step [4000/5630] | G: 3.3065 | D_A: 0.1920 | D_B: 0.0292 | Cycle: 0.1003 | Identity: 0.0642
2026-10-06 09:39:02,790 | Epoch [130/150] Step [4500/5630] | G: 2.2454 | D_A: 0.1314 | D_B: 0.0666 | Cycle: 0.0824 | Identity: 0.0585
2026-10-06 09:39:38,872 | Epoch [130/150] Step [5000/5630] | G: 2.6012 | D_A: 0.1484 | D_B: 0.0221 | Cycle: 0.1172 | Identity: 0.0690
2026-10-06 09:40:14,948 | Epoch [130/150] Step [5500/5630] | G: 2.8761 | D_A: 0.1333 | D_B: 0.0187 | Cycle: 0.1093 | Identity: 0.0567
2026-10-06 09:40:24,334 | Epoch [130/150] done in 6.78 min | G: 2.7397 | D_A: 0.1662 | D_B: 0.0266 | Cycle: 0.1015 | Identity: 0.0658 | lr_G: 0.0000420
2026-10-06 09:40:27,815 | Epoch [130/150] local FID: 96.6040
2026-10-06 09:40:30,272 | Epoch [131/150] Step [1/5630] | G: 2.8459 | D_A: 0.2019 | D_B: 0.0129 | Cycle: 0.1052 | Identity: 0.0610
2026-10-06 09:41:06,424 | Epoch [131/150] Step [500/5630] | G: 2.7196 | D_A: 0.1178 | D_B: 0.0148 | Cycle: 0.0864 | Identity: 0.0505
2026-10-06 09:41:42,572 | Epoch [131/150] Step [1000/5630] | G: 3.0754 | D_A: 0.1699 | D_B: 0.0170 | Cycle: 0.1154 | Identity: 0.0753
2026-10-06 09:42:18,717 | Epoch [131/150] Step [1500/5630] | G: 2.9822 | D_A: 0.0829 | D_B: 0.0193 | Cycle: 0.0990 | Identity: 0.0860
2026-10-06 09:42:54,851 | Epoch [131/150] Step [2000/5630] | G: 2.3741 | D_A: 0.2214 | D_B: 0.0454 | Cycle: 0.0969 | Identity: 0.0683
2026-10-06 09:43:31,187 | Epoch [131/150] Step [2500/5630] | G: 2.3392 | D_A: 0.1229 | D_B: 0.1205 | Cycle: 0.1100 | Identity: 0.0783
2026-10-06 09:44:07,341 | Epoch [131/150] Step [3000/5630] | G: 2.9611 | D_A: 0.0817 | D_B: 0.0229 | Cycle: 0.1164 | Identity: 0.0732
2026-10-06 09:44:43,422 | Epoch [131/150] Step [3500/5630] | G: 3.3718 | D_A: 0.2013 | D_B: 0.0285 | Cycle: 0.1084 | Identity: 0.0703
2026-10-06 09:45:19,642 | Epoch [131/150] Step [4000/5630] | G: 2.8999 | D_A: 0.1732 | D_B: 0.0274 | Cycle: 0.1110 | Identity: 0.0774
2026-10-06 09:45:55,819 | Epoch [131/150] Step [4500/5630] | G: 2.3831 | D_A: 0.2028 | D_B: 0.0373 | Cycle: 0.1033 | Identity: 0.0666
2026-10-06 09:46:32,116 | Epoch [131/150] Step [5000/5630] | G: 2.7224 | D_A: 0.2430 | D_B: 0.0325 | Cycle: 0.1194 | Identity: 0.0708
2026-10-06 09:47:08,250 | Epoch [131/150] Step [5500/5630] | G: 2.5564 | D_A: 0.0814 | D_B: 0.0405 | Cycle: 0.0923 | Identity: 0.0536
2026-10-06 09:47:17,650 | Epoch [131/150] done in 6.79 min | G: 2.7381 | D_A: 0.1655 | D_B: 0.0264 | Cycle: 0.1013 | Identity: 0.0655 | lr_G: 0.0000400
2026-10-06 09:47:19,202 | Epoch [132/150] Step [1/5630] | G: 2.7398 | D_A: 0.1183 | D_B: 0.0407 | Cycle: 0.0870 | Identity: 0.0535
2026-10-06 09:47:55,272 | Epoch [132/150] Step [500/5630] | G: 2.5645 | D_A: 0.1118 | D_B: 0.0257 | Cycle: 0.0990 | Identity: 0.0625
2026-10-06 09:48:31,568 | Epoch [132/150] Step [1000/5630] | G: 2.4360 | D_A: 0.1513 | D_B: 0.0264 | Cycle: 0.0944 | Identity: 0.0523
2026-10-06 09:49:07,754 | Epoch [132/150] Step [1500/5630] | G: 2.9547 | D_A: 0.0963 | D_B: 0.0217 | Cycle: 0.0970 | Identity: 0.0590
2026-10-06 09:49:43,867 | Epoch [132/150] Step [2000/5630] | G: 2.5760 | D_A: 0.1773 | D_B: 0.0165 | Cycle: 0.0921 | Identity: 0.0447
2026-10-06 09:50:20,010 | Epoch [132/150] Step [2500/5630] | G: 2.4415 | D_A: 0.3118 | D_B: 0.0296 | Cycle: 0.0840 | Identity: 0.0525
2026-10-06 09:50:56,046 | Epoch [132/150] Step [3000/5630] | G: 3.0296 | D_A: 0.1615 | D_B: 0.0317 | Cycle: 0.1264 | Identity: 0.0759
2026-10-06 09:51:32,103 | Epoch [132/150] Step [3500/5630] | G: 2.8945 | D_A: 0.1856 | D_B: 0.0190 | Cycle: 0.1061 | Identity: 0.0622
2026-10-06 09:52:08,373 | Epoch [132/150] Step [4000/5630] | G: 2.5568 | D_A: 0.1001 | D_B: 0.0110 | Cycle: 0.0809 | Identity: 0.0595
2026-10-06 09:52:44,489 | Epoch [132/150] Step [4500/5630] | G: 3.1806 | D_A: 0.1566 | D_B: 0.0162 | Cycle: 0.1037 | Identity: 0.0947
2026-10-06 09:53:20,594 | Epoch [132/150] Step [5000/5630] | G: 2.7190 | D_A: 0.1022 | D_B: 0.0137 | Cycle: 0.0904 | Identity: 0.0626
2026-10-06 09:53:56,844 | Epoch [132/150] Step [5500/5630] | G: 2.3863 | D_A: 0.2269 | D_B: 0.0320 | Cycle: 0.0733 | Identity: 0.0579
2026-10-06 09:54:06,276 | Epoch [132/150] done in 6.79 min | G: 2.7278 | D_A: 0.1664 | D_B: 0.0260 | Cycle: 0.1007 | Identity: 0.0650 | lr_G: 0.0000380
2026-10-06 09:54:07,710 | Epoch [133/150] Step [1/5630] | G: 2.6858 | D_A: 0.1644 | D_B: 0.0179 | Cycle: 0.0934 | Identity: 0.0526
2026-10-06 09:54:44,177 | Epoch [133/150] Step [500/5630] | G: 2.4242 | D_A: 0.1677 | D_B: 0.0927 | Cycle: 0.0894 | Identity: 0.0547
2026-10-06 09:55:20,424 | Epoch [133/150] Step [1000/5630] | G: 2.7488 | D_A: 0.1324 | D_B: 0.0319 | Cycle: 0.1088 | Identity: 0.0635
2026-10-06 09:55:56,578 | Epoch [133/150] Step [1500/5630] | G: 2.5886 | D_A: 0.1132 | D_B: 0.0337 | Cycle: 0.0685 | Identity: 0.0551
2026-10-06 09:56:32,661 | Epoch [133/150] Step [2000/5630] | G: 2.6846 | D_A: 0.1672 | D_B: 0.0272 | Cycle: 0.0858 | Identity: 0.0570
2026-10-06 09:57:08,764 | Epoch [133/150] Step [2500/5630] | G: 2.8408 | D_A: 0.3000 | D_B: 0.0216 | Cycle: 0.1048 | Identity: 0.0616
2026-10-06 09:57:44,807 | Epoch [133/150] Step [3000/5630] | G: 3.1585 | D_A: 0.1107 | D_B: 0.0138 | Cycle: 0.1079 | Identity: 0.0628
2026-10-06 09:58:20,925 | Epoch [133/150] Step [3500/5630] | G: 2.7150 | D_A: 0.2537 | D_B: 0.0142 | Cycle: 0.1100 | Identity: 0.0782
2026-10-06 09:58:57,060 | Epoch [133/150] Step [4000/5630] | G: 2.6561 | D_A: 0.1613 | D_B: 0.0279 | Cycle: 0.1068 | Identity: 0.0643
2026-10-06 09:59:33,146 | Epoch [133/150] Step [4500/5630] | G: 3.0508 | D_A: 0.1130 | D_B: 0.0177 | Cycle: 0.1258 | Identity: 0.0705
2026-10-06 10:00:09,237 | Epoch [133/150] Step [5000/5630] | G: 2.6540 | D_A: 0.2091 | D_B: 0.0179 | Cycle: 0.0872 | Identity: 0.0544
2026-10-06 10:00:45,278 | Epoch [133/150] Step [5500/5630] | G: 2.8126 | D_A: 0.1799 | D_B: 0.0134 | Cycle: 0.1017 | Identity: 0.0625
2026-10-06 10:00:54,673 | Epoch [133/150] done in 6.79 min | G: 2.7317 | D_A: 0.1659 | D_B: 0.0259 | Cycle: 0.1007 | Identity: 0.0649 | lr_G: 0.0000360
2026-10-06 10:00:56,102 | Epoch [134/150] Step [1/5630] | G: 2.8540 | D_A: 0.2367 | D_B: 0.0216 | Cycle: 0.1001 | Identity: 0.0563
2026-10-06 10:01:32,201 | Epoch [134/150] Step [500/5630] | G: 2.4668 | D_A: 0.0745 | D_B: 0.0601 | Cycle: 0.1032 | Identity: 0.0614
2026-10-06 10:02:08,304 | Epoch [134/150] Step [1000/5630] | G: 2.8638 | D_A: 0.1088 | D_B: 0.0304 | Cycle: 0.1063 | Identity: 0.0766
2026-10-06 10:02:44,488 | Epoch [134/150] Step [1500/5630] | G: 2.3336 | D_A: 0.2195 | D_B: 0.0459 | Cycle: 0.0894 | Identity: 0.0492
2026-10-06 10:03:20,923 | Epoch [134/150] Step [2000/5630] | G: 3.2006 | D_A: 0.1709 | D_B: 0.0295 | Cycle: 0.1117 | Identity: 0.0771
2026-10-06 10:03:57,106 | Epoch [134/150] Step [2500/5630] | G: 2.5565 | D_A: 0.1185 | D_B: 0.0122 | Cycle: 0.0949 | Identity: 0.0517
2026-10-06 10:04:33,261 | Epoch [134/150] Step [3000/5630] | G: 2.9410 | D_A: 0.0721 | D_B: 0.0308 | Cycle: 0.0832 | Identity: 0.0401
2026-10-06 10:05:09,359 | Epoch [134/150] Step [3500/5630] | G: 2.2472 | D_A: 0.0902 | D_B: 0.0310 | Cycle: 0.0808 | Identity: 0.0532
2026-10-06 10:05:45,616 | Epoch [134/150] Step [4000/5630] | G: 2.4462 | D_A: 0.2028 | D_B: 0.0172 | Cycle: 0.0846 | Identity: 0.0470
2026-10-06 10:06:21,675 | Epoch [134/150] Step [4500/5630] | G: 3.1142 | D_A: 0.1382 | D_B: 0.0370 | Cycle: 0.1255 | Identity: 0.1032
2026-10-06 10:06:57,730 | Epoch [134/150] Step [5000/5630] | G: 3.3573 | D_A: 0.2062 | D_B: 0.0263 | Cycle: 0.1044 | Identity: 0.0695
2026-10-06 10:07:33,813 | Epoch [134/150] Step [5500/5630] | G: 2.7457 | D_A: 0.2237 | D_B: 0.0151 | Cycle: 0.0920 | Identity: 0.0600
2026-10-06 10:07:43,217 | Epoch [134/150] done in 6.79 min | G: 2.7212 | D_A: 0.1662 | D_B: 0.0255 | Cycle: 0.1001 | Identity: 0.0645 | lr_G: 0.0000340
2026-10-06 10:07:44,713 | Epoch [135/150] Step [1/5630] | G: 2.6132 | D_A: 0.1924 | D_B: 0.0403 | Cycle: 0.0999 | Identity: 0.0618
2026-10-06 10:08:21,164 | Epoch [135/150] Step [500/5630] | G: 2.5490 | D_A: 0.2206 | D_B: 0.0277 | Cycle: 0.0737 | Identity: 0.0459
2026-10-06 10:08:57,382 | Epoch [135/150] Step [1000/5630] | G: 2.4741 | D_A: 0.0882 | D_B: 0.0174 | Cycle: 0.0914 | Identity: 0.0580
2026-10-06 10:09:33,561 | Epoch [135/150] Step [1500/5630] | G: 2.7481 | D_A: 0.1589 | D_B: 0.0168 | Cycle: 0.0974 | Identity: 0.0613
2026-10-06 10:10:09,793 | Epoch [135/150] Step [2000/5630] | G: 2.9635 | D_A: 0.0816 | D_B: 0.0363 | Cycle: 0.0952 | Identity: 0.0541
2026-10-06 10:10:45,981 | Epoch [135/150] Step [2500/5630] | G: 3.2472 | D_A: 0.1362 | D_B: 0.0296 | Cycle: 0.1084 | Identity: 0.0650
2026-10-06 10:11:22,116 | Epoch [135/150] Step [3000/5630] | G: 2.7868 | D_A: 0.1557 | D_B: 0.0179 | Cycle: 0.1132 | Identity: 0.0725
2026-10-06 10:11:58,181 | Epoch [135/150] Step [3500/5630] | G: 3.1129 | D_A: 0.0692 | D_B: 0.0260 | Cycle: 0.1285 | Identity: 0.0822
2026-10-06 10:12:34,251 | Epoch [135/150] Step [4000/5630] | G: 2.8195 | D_A: 0.1325 | D_B: 0.0222 | Cycle: 0.1001 | Identity: 0.0641
2026-10-06 10:13:10,609 | Epoch [135/150] Step [4500/5630] | G: 1.9879 | D_A: 0.1738 | D_B: 0.0118 | Cycle: 0.0685 | Identity: 0.0423
2026-10-06 10:13:46,798 | Epoch [135/150] Step [5000/5630] | G: 2.8640 | D_A: 0.1218 | D_B: 0.0362 | Cycle: 0.1180 | Identity: 0.0715
2026-10-06 10:14:22,960 | Epoch [135/150] Step [5500/5630] | G: 3.0220 | D_A: 0.2606 | D_B: 0.0144 | Cycle: 0.1312 | Identity: 0.0779
2026-10-06 10:14:32,342 | Epoch [135/150] done in 6.80 min | G: 2.7170 | D_A: 0.1660 | D_B: 0.0254 | Cycle: 0.0998 | Identity: 0.0642 | lr_G: 0.0000320
2026-10-06 10:14:35,791 | Epoch [135/150] local FID: 94.9536
2026-10-06 10:14:37,654 | Epoch [136/150] Step [1/5630] | G: 3.0929 | D_A: 0.2580 | D_B: 0.0310 | Cycle: 0.1338 | Identity: 0.0840
2026-10-06 10:15:13,880 | Epoch [136/150] Step [500/5630] | G: 2.7327 | D_A: 0.2291 | D_B: 0.0194 | Cycle: 0.1011 | Identity: 0.0651
2026-10-06 10:15:50,025 | Epoch [136/150] Step [1000/5630] | G: 2.8547 | D_A: 0.1640 | D_B: 0.0153 | Cycle: 0.0906 | Identity: 0.0576
2026-10-06 10:16:26,149 | Epoch [136/150] Step [1500/5630] | G: 2.7988 | D_A: 0.1705 | D_B: 0.0389 | Cycle: 0.1018 | Identity: 0.0718
2026-10-06 10:17:02,378 | Epoch [136/150] Step [2000/5630] | G: 2.2628 | D_A: 0.0905 | D_B: 0.0146 | Cycle: 0.0761 | Identity: 0.0502
2026-10-06 10:17:38,456 | Epoch [136/150] Step [2500/5630] | G: 3.1679 | D_A: 0.1444 | D_B: 0.0378 | Cycle: 0.1055 | Identity: 0.0608
2026-10-06 10:18:15,197 | Epoch [136/150] Step [3000/5630] | G: 2.8427 | D_A: 0.1739 | D_B: 0.0176 | Cycle: 0.0762 | Identity: 0.0498
2026-10-06 10:18:51,289 | Epoch [136/150] Step [3500/5630] | G: 2.7758 | D_A: 0.1494 | D_B: 0.0174 | Cycle: 0.1165 | Identity: 0.0637
2026-10-06 10:19:27,505 | Epoch [136/150] Step [4000/5630] | G: 2.6288 | D_A: 0.0677 | D_B: 0.0299 | Cycle: 0.1185 | Identity: 0.0698
2026-10-06 10:20:03,650 | Epoch [136/150] Step [4500/5630] | G: 2.3968 | D_A: 0.1274 | D_B: 0.0379 | Cycle: 0.1021 | Identity: 0.0547
2026-10-06 10:20:39,769 | Epoch [136/150] Step [5000/5630] | G: 2.9435 | D_A: 0.2545 | D_B: 0.0137 | Cycle: 0.1025 | Identity: 0.0548
2026-10-06 10:21:15,860 | Epoch [136/150] Step [5500/5630] | G: 2.7793 | D_A: 0.1740 | D_B: 0.0222 | Cycle: 0.1134 | Identity: 0.0823
2026-10-06 10:21:25,269 | Epoch [136/150] done in 6.80 min | G: 2.7224 | D_A: 0.1659 | D_B: 0.0251 | Cycle: 0.1001 | Identity: 0.0642 | lr_G: 0.0000300
2026-10-06 10:21:26,826 | Epoch [137/150] Step [1/5630] | G: 2.9120 | D_A: 0.1610 | D_B: 0.0213 | Cycle: 0.0941 | Identity: 0.0614
2026-10-06 10:22:02,849 | Epoch [137/150] Step [500/5630] | G: 2.8390 | D_A: 0.0680 | D_B: 0.0227 | Cycle: 0.0877 | Identity: 0.0608
2026-10-06 10:22:38,910 | Epoch [137/150] Step [1000/5630] | G: 3.1342 | D_A: 0.1960 | D_B: 0.0156 | Cycle: 0.1148 | Identity: 0.0689
2026-10-06 10:23:15,054 | Epoch [137/150] Step [1500/5630] | G: 2.0646 | D_A: 0.2710 | D_B: 0.0233 | Cycle: 0.0810 | Identity: 0.0497
2026-10-06 10:23:51,194 | Epoch [137/150] Step [2000/5630] | G: 2.8532 | D_A: 0.2104 | D_B: 0.0162 | Cycle: 0.0993 | Identity: 0.0593
2026-10-06 10:24:27,318 | Epoch [137/150] Step [2500/5630] | G: 2.6474 | D_A: 0.2082 | D_B: 0.0182 | Cycle: 0.0850 | Identity: 0.0444
2026-10-06 10:25:03,463 | Epoch [137/150] Step [3000/5630] | G: 2.7229 | D_A: 0.1215 | D_B: 0.0143 | Cycle: 0.0958 | Identity: 0.0687
2026-10-06 10:25:39,695 | Epoch [137/150] Step [3500/5630] | G: 2.0141 | D_A: 0.0909 | D_B: 0.0500 | Cycle: 0.0724 | Identity: 0.0403
2026-10-06 10:26:15,827 | Epoch [137/150] Step [4000/5630] | G: 2.3959 | D_A: 0.0934 | D_B: 0.0231 | Cycle: 0.0531 | Identity: 0.0446
2026-10-06 10:26:51,923 | Epoch [137/150] Step [4500/5630] | G: 2.4070 | D_A: 0.1154 | D_B: 0.0294 | Cycle: 0.0890 | Identity: 0.0589
2026-10-06 10:27:28,422 | Epoch [137/150] Step [5000/5630] | G: 2.9149 | D_A: 0.1931 | D_B: 0.0168 | Cycle: 0.1023 | Identity: 0.0496
2026-10-06 10:28:04,536 | Epoch [137/150] Step [5500/5630] | G: 2.6815 | D_A: 0.1864 | D_B: 0.0171 | Cycle: 0.0997 | Identity: 0.0593
2026-10-06 10:28:13,952 | Epoch [137/150] done in 6.79 min | G: 2.7105 | D_A: 0.1659 | D_B: 0.0248 | Cycle: 0.0993 | Identity: 0.0635 | lr_G: 0.0000280
2026-10-06 10:28:15,573 | Epoch [138/150] Step [1/5630] | G: 2.3293 | D_A: 0.0806 | D_B: 0.0278 | Cycle: 0.0765 | Identity: 0.0561
2026-10-06 10:28:51,636 | Epoch [138/150] Step [500/5630] | G: 2.5846 | D_A: 0.1807 | D_B: 0.0122 | Cycle: 0.0648 | Identity: 0.0390
2026-10-06 10:29:27,744 | Epoch [138/150] Step [1000/5630] | G: 3.4046 | D_A: 0.1459 | D_B: 0.0145 | Cycle: 0.1419 | Identity: 0.0932
2026-10-06 10:30:03,814 | Epoch [138/150] Step [1500/5630] | G: 2.3088 | D_A: 0.1869 | D_B: 0.0210 | Cycle: 0.0897 | Identity: 0.0525
2026-10-06 10:30:39,890 | Epoch [138/150] Step [2000/5630] | G: 2.5042 | D_A: 0.2321 | D_B: 0.0182 | Cycle: 0.0885 | Identity: 0.0544
2026-10-06 10:31:15,966 | Epoch [138/150] Step [2500/5630] | G: 2.4748 | D_A: 0.3037 | D_B: 0.0209 | Cycle: 0.0867 | Identity: 0.0482
2026-10-06 10:31:52,039 | Epoch [138/150] Step [3000/5630] | G: 3.0939 | D_A: 0.1087 | D_B: 0.0317 | Cycle: 0.1374 | Identity: 0.0877
2026-10-06 10:32:28,197 | Epoch [138/150] Step [3500/5630] | G: 2.8372 | D_A: 0.2424 | D_B: 0.0174 | Cycle: 0.1066 | Identity: 0.0558
2026-10-06 10:33:04,274 | Epoch [138/150] Step [4000/5630] | G: 2.6876 | D_A: 0.0724 | D_B: 0.0285 | Cycle: 0.1023 | Identity: 0.0562
2026-10-06 10:33:40,304 | Epoch [138/150] Step [4500/5630] | G: 2.5393 | D_A: 0.1281 | D_B: 0.0223 | Cycle: 0.0939 | Identity: 0.0728
2026-10-06 10:34:16,347 | Epoch [138/150] Step [5000/5630] | G: 2.4290 | D_A: 0.1432 | D_B: 0.0365 | Cycle: 0.0894 | Identity: 0.0639
2026-10-06 10:34:52,724 | Epoch [138/150] Step [5500/5630] | G: 2.6968 | D_A: 0.2088 | D_B: 0.0205 | Cycle: 0.0945 | Identity: 0.0581
2026-10-06 10:35:02,134 | Epoch [138/150] done in 6.78 min | G: 2.7093 | D_A: 0.1660 | D_B: 0.0243 | Cycle: 0.0991 | Identity: 0.0633 | lr_G: 0.0000260
2026-10-06 10:35:03,741 | Epoch [139/150] Step [1/5630] | G: 2.6128 | D_A: 0.1284 | D_B: 0.0171 | Cycle: 0.1000 | Identity: 0.0585
2026-10-06 10:35:39,999 | Epoch [139/150] Step [500/5630] | G: 2.5749 | D_A: 0.1424 | D_B: 0.0139 | Cycle: 0.0940 | Identity: 0.0581
2026-10-06 10:36:16,133 | Epoch [139/150] Step [1000/5630] | G: 2.5214 | D_A: 0.2490 | D_B: 0.0159 | Cycle: 0.0712 | Identity: 0.0378
2026-10-06 10:36:52,322 | Epoch [139/150] Step [1500/5630] | G: 2.0407 | D_A: 0.1355 | D_B: 0.1013 | Cycle: 0.0979 | Identity: 0.0603
2026-10-06 10:37:28,489 | Epoch [139/150] Step [2000/5630] | G: 2.4675 | D_A: 0.3182 | D_B: 0.0251 | Cycle: 0.0739 | Identity: 0.0447
2026-10-06 10:38:04,576 | Epoch [139/150] Step [2500/5630] | G: 2.2035 | D_A: 0.1654 | D_B: 0.0202 | Cycle: 0.0887 | Identity: 0.0500
2026-10-06 10:38:40,665 | Epoch [139/150] Step [3000/5630] | G: 3.6465 | D_A: 0.1093 | D_B: 0.0242 | Cycle: 0.1098 | Identity: 0.1969
2026-10-06 10:39:16,796 | Epoch [139/150] Step [3500/5630] | G: 2.9131 | D_A: 0.1696 | D_B: 0.0281 | Cycle: 0.1013 | Identity: 0.0648
2026-10-06 10:39:52,881 | Epoch [139/150] Step [4000/5630] | G: 2.9047 | D_A: 0.1363 | D_B: 0.0225 | Cycle: 0.1066 | Identity: 0.0691
2026-10-06 10:40:28,952 | Epoch [139/150] Step [4500/5630] | G: 3.3081 | D_A: 0.2272 | D_B: 0.0150 | Cycle: 0.1408 | Identity: 0.0878
2026-10-06 10:41:05,025 | Epoch [139/150] Step [5000/5630] | G: 2.6882 | D_A: 0.0840 | D_B: 0.0142 | Cycle: 0.0769 | Identity: 0.0508
2026-10-06 10:41:41,196 | Epoch [139/150] Step [5500/5630] | G: 2.6827 | D_A: 0.2829 | D_B: 0.0116 | Cycle: 0.1009 | Identity: 0.0630
2026-10-06 10:41:50,587 | Epoch [139/150] done in 6.78 min | G: 2.7043 | D_A: 0.1663 | D_B: 0.0245 | Cycle: 0.0989 | Identity: 0.0631 | lr_G: 0.0000240
2026-10-06 10:41:52,065 | Epoch [140/150] Step [1/5630] | G: 3.1593 | D_A: 0.2987 | D_B: 0.0180 | Cycle: 0.1238 | Identity: 0.0734
2026-10-06 10:42:28,028 | Epoch [140/150] Step [500/5630] | G: 2.5066 | D_A: 0.0939 | D_B: 0.0194 | Cycle: 0.0948 | Identity: 0.0590
2026-10-06 10:43:04,167 | Epoch [140/150] Step [1000/5630] | G: 2.4227 | D_A: 0.1506 | D_B: 0.0124 | Cycle: 0.0799 | Identity: 0.0516
2026-10-06 10:43:40,324 | Epoch [140/150] Step [1500/5630] | G: 2.3553 | D_A: 0.1217 | D_B: 0.0189 | Cycle: 0.0712 | Identity: 0.0813
2026-10-06 10:44:16,414 | Epoch [140/150] Step [2000/5630] | G: 2.6977 | D_A: 0.1289 | D_B: 0.0159 | Cycle: 0.0945 | Identity: 0.0574
2026-10-06 10:44:52,517 | Epoch [140/150] Step [2500/5630] | G: 2.3328 | D_A: 0.1058 | D_B: 0.0128 | Cycle: 0.0865 | Identity: 0.0600
2026-10-06 10:45:28,623 | Epoch [140/150] Step [3000/5630] | G: 2.5539 | D_A: 0.2862 | D_B: 0.0205 | Cycle: 0.0895 | Identity: 0.0475
2026-10-06 10:46:04,797 | Epoch [140/150] Step [3500/5630] | G: 2.8081 | D_A: 0.1993 | D_B: 0.0105 | Cycle: 0.0925 | Identity: 0.0550
2026-10-06 10:46:40,984 | Epoch [140/150] Step [4000/5630] | G: 2.9890 | D_A: 0.3216 | D_B: 0.0221 | Cycle: 0.1031 | Identity: 0.0720
2026-10-06 10:47:17,247 | Epoch [140/150] Step [4500/5630] | G: 2.6054 | D_A: 0.2541 | D_B: 0.0162 | Cycle: 0.0941 | Identity: 0.0567
2026-10-06 10:47:53,564 | Epoch [140/150] Step [5000/5630] | G: 2.3034 | D_A: 0.2094 | D_B: 0.0173 | Cycle: 0.0927 | Identity: 0.0442
2026-10-06 10:48:29,921 | Epoch [140/150] Step [5500/5630] | G: 2.9577 | D_A: 0.2483 | D_B: 0.0188 | Cycle: 0.0999 | Identity: 0.0629
2026-10-06 10:48:39,331 | Epoch [140/150] done in 6.79 min | G: 2.7058 | D_A: 0.1660 | D_B: 0.0240 | Cycle: 0.0988 | Identity: 0.0629 | lr_G: 0.0000220
2026-10-06 10:48:42,797 | Epoch [140/150] local FID: 95.4788
2026-10-06 10:48:45,403 | Epoch [141/150] Step [1/5630] | G: 2.7309 | D_A: 0.1546 | D_B: 0.0246 | Cycle: 0.0923 | Identity: 0.0609
2026-10-06 10:49:21,519 | Epoch [141/150] Step [500/5630] | G: 3.2698 | D_A: 0.2766 | D_B: 0.0205 | Cycle: 0.1305 | Identity: 0.0847
2026-10-06 10:49:57,726 | Epoch [141/150] Step [1000/5630] | G: 2.8704 | D_A: 0.1218 | D_B: 0.0180 | Cycle: 0.0994 | Identity: 0.0640
2026-10-06 10:50:33,801 | Epoch [141/150] Step [1500/5630] | G: 2.7997 | D_A: 0.1178 | D_B: 0.0144 | Cycle: 0.1051 | Identity: 0.0629
2026-10-06 10:51:10,013 | Epoch [141/150] Step [2000/5630] | G: 2.4036 | D_A: 0.1258 | D_B: 0.0340 | Cycle: 0.0964 | Identity: 0.0605
2026-10-06 10:51:46,218 | Epoch [141/150] Step [2500/5630] | G: 3.1185 | D_A: 0.1444 | D_B: 0.0253 | Cycle: 0.1190 | Identity: 0.0750
2026-10-06 10:52:22,374 | Epoch [141/150] Step [3000/5630] | G: 2.2109 | D_A: 0.1144 | D_B: 0.0468 | Cycle: 0.0847 | Identity: 0.0522
2026-10-06 10:52:58,527 | Epoch [141/150] Step [3500/5630] | G: 2.7760 | D_A: 0.2111 | D_B: 0.0158 | Cycle: 0.1089 | Identity: 0.0651
2026-10-06 10:53:34,703 | Epoch [141/150] Step [4000/5630] | G: 2.8518 | D_A: 0.2682 | D_B: 0.0218 | Cycle: 0.1158 | Identity: 0.0786
2026-10-06 10:54:11,538 | Epoch [141/150] Step [4500/5630] | G: 3.1086 | D_A: 0.2890 | D_B: 0.0452 | Cycle: 0.1476 | Identity: 0.0885
2026-10-06 10:54:47,840 | Epoch [141/150] Step [5000/5630] | G: 2.8011 | D_A: 0.2455 | D_B: 0.0323 | Cycle: 0.1292 | Identity: 0.0704
2026-10-06 10:55:24,020 | Epoch [141/150] Step [5500/5630] | G: 2.8448 | D_A: 0.1084 | D_B: 0.0164 | Cycle: 0.1052 | Identity: 0.0736
2026-10-06 10:55:33,437 | Epoch [141/150] done in 6.81 min | G: 2.6979 | D_A: 0.1657 | D_B: 0.0239 | Cycle: 0.0982 | Identity: 0.0626 | lr_G: 0.0000200
2026-10-06 10:55:34,940 | Epoch [142/150] Step [1/5630] | G: 2.6574 | D_A: 0.1721 | D_B: 0.0360 | Cycle: 0.0951 | Identity: 0.0567
2026-10-06 10:56:11,198 | Epoch [142/150] Step [500/5630] | G: 2.5884 | D_A: 0.1418 | D_B: 0.0234 | Cycle: 0.0915 | Identity: 0.0497
2026-10-06 10:56:47,361 | Epoch [142/150] Step [1000/5630] | G: 2.7442 | D_A: 0.1656 | D_B: 0.0129 | Cycle: 0.0900 | Identity: 0.0676
2026-10-06 10:57:23,438 | Epoch [142/150] Step [1500/5630] | G: 2.8636 | D_A: 0.1376 | D_B: 0.0176 | Cycle: 0.0989 | Identity: 0.0602
2026-10-06 10:57:59,588 | Epoch [142/150] Step [2000/5630] | G: 2.7176 | D_A: 0.1388 | D_B: 0.0435 | Cycle: 0.1105 | Identity: 0.0581
2026-10-06 10:58:35,973 | Epoch [142/150] Step [2500/5630] | G: 2.7307 | D_A: 0.0842 | D_B: 0.0237 | Cycle: 0.1015 | Identity: 0.0744
2026-10-06 10:59:12,085 | Epoch [142/150] Step [3000/5630] | G: 2.4248 | D_A: 0.1046 | D_B: 0.0132 | Cycle: 0.0883 | Identity: 0.0556
2026-10-06 10:59:48,189 | Epoch [142/150] Step [3500/5630] | G: 2.7738 | D_A: 0.1609 | D_B: 0.0151 | Cycle: 0.0804 | Identity: 0.0658
2026-10-06 11:00:24,457 | Epoch [142/150] Step [4000/5630] | G: 2.3778 | D_A: 0.1072 | D_B: 0.0324 | Cycle: 0.0653 | Identity: 0.0870
2026-10-06 11:01:00,570 | Epoch [142/150] Step [4500/5630] | G: 2.8543 | D_A: 0.1441 | D_B: 0.0167 | Cycle: 0.0897 | Identity: 0.0575
2026-10-06 11:01:36,967 | Epoch [142/150] Step [5000/5630] | G: 2.7983 | D_A: 0.2225 | D_B: 0.0156 | Cycle: 0.0851 | Identity: 0.0529
2026-10-06 11:02:13,164 | Epoch [142/150] Step [5500/5630] | G: 3.0063 | D_A: 0.2459 | D_B: 0.0525 | Cycle: 0.1095 | Identity: 0.0643
2026-10-06 11:02:22,587 | Epoch [142/150] done in 6.80 min | G: 2.6964 | D_A: 0.1659 | D_B: 0.0235 | Cycle: 0.0983 | Identity: 0.0624 | lr_G: 0.0000180
2026-10-06 11:02:24,246 | Epoch [143/150] Step [1/5630] | G: 2.8777 | D_A: 0.1413 | D_B: 0.0120 | Cycle: 0.0955 | Identity: 0.0663
2026-10-06 11:03:00,880 | Epoch [143/150] Step [500/5630] | G: 3.0867 | D_A: 0.3074 | D_B: 0.0235 | Cycle: 0.1410 | Identity: 0.0871
2026-10-06 11:03:37,085 | Epoch [143/150] Step [1000/5630] | G: 3.0560 | D_A: 0.1886 | D_B: 0.0161 | Cycle: 0.1098 | Identity: 0.0549
2026-10-06 11:04:13,170 | Epoch [143/150] Step [1500/5630] | G: 3.1046 | D_A: 0.2813 | D_B: 0.0332 | Cycle: 0.1187 | Identity: 0.0786
2026-10-06 11:04:49,364 | Epoch [143/150] Step [2000/5630] | G: 2.9794 | D_A: 0.2069 | D_B: 0.0558 | Cycle: 0.1048 | Identity: 0.0576
2026-10-06 11:05:25,512 | Epoch [143/150] Step [2500/5630] | G: 2.3832 | D_A: 0.0927 | D_B: 0.0121 | Cycle: 0.0728 | Identity: 0.0453
2026-10-06 11:06:01,754 | Epoch [143/150] Step [3000/5630] | G: 3.4358 | D_A: 0.1812 | D_B: 0.0127 | Cycle: 0.1553 | Identity: 0.0843
2026-10-06 11:06:37,857 | Epoch [143/150] Step [3500/5630] | G: 2.8731 | D_A: 0.2752 | D_B: 0.0223 | Cycle: 0.1293 | Identity: 0.0798
2026-10-06 11:07:14,091 | Epoch [143/150] Step [4000/5630] | G: 2.6784 | D_A: 0.1289 | D_B: 0.0105 | Cycle: 0.0908 | Identity: 0.0513
2026-10-06 11:07:50,172 | Epoch [143/150] Step [4500/5630] | G: 2.3020 | D_A: 0.0712 | D_B: 0.0204 | Cycle: 0.0692 | Identity: 0.0500
2026-10-06 11:08:26,611 | Epoch [143/150] Step [5000/5630] | G: 2.6556 | D_A: 0.2863 | D_B: 0.0161 | Cycle: 0.0964 | Identity: 0.0505
2026-10-06 11:09:02,816 | Epoch [143/150] Step [5500/5630] | G: 2.5966 | D_A: 0.2148 | D_B: 0.0127 | Cycle: 0.0912 | Identity: 0.0480
2026-10-06 11:09:12,207 | Epoch [143/150] done in 6.80 min | G: 2.6929 | D_A: 0.1654 | D_B: 0.0235 | Cycle: 0.0978 | Identity: 0.0623 | lr_G: 0.0000160
2026-10-06 11:09:13,935 | Epoch [144/150] Step [1/5630] | G: 2.4429 | D_A: 0.0936 | D_B: 0.0243 | Cycle: 0.0792 | Identity: 0.0413
2026-10-06 11:09:49,949 | Epoch [144/150] Step [500/5630] | G: 2.9038 | D_A: 0.0971 | D_B: 0.0153 | Cycle: 0.0968 | Identity: 0.0670
2026-10-06 11:10:26,077 | Epoch [144/150] Step [1000/5630] | G: 2.3451 | D_A: 0.1707 | D_B: 0.0649 | Cycle: 0.0894 | Identity: 0.0546
2026-10-06 11:11:02,319 | Epoch [144/150] Step [1500/5630] | G: 2.3817 | D_A: 0.0975 | D_B: 0.0108 | Cycle: 0.0756 | Identity: 0.0449
2026-10-06 11:11:38,479 | Epoch [144/150] Step [2000/5630] | G: 3.1831 | D_A: 0.2514 | D_B: 0.0130 | Cycle: 0.1196 | Identity: 0.0778
2026-10-06 11:12:14,678 | Epoch [144/150] Step [2500/5630] | G: 2.4953 | D_A: 0.1294 | D_B: 0.0155 | Cycle: 0.0841 | Identity: 0.0489
2026-10-06 11:12:50,801 | Epoch [144/150] Step [3000/5630] | G: 2.3228 | D_A: 0.1481 | D_B: 0.0225 | Cycle: 0.0878 | Identity: 0.0498
2026-10-06 11:13:26,851 | Epoch [144/150] Step [3500/5630] | G: 2.1220 | D_A: 0.2545 | D_B: 0.0754 | Cycle: 0.0828 | Identity: 0.0549
2026-10-06 11:14:03,167 | Epoch [144/150] Step [4000/5630] | G: 2.5667 | D_A: 0.1967 | D_B: 0.0340 | Cycle: 0.0891 | Identity: 0.0745
2026-10-06 11:14:39,256 | Epoch [144/150] Step [4500/5630] | G: 3.3380 | D_A: 0.3016 | D_B: 0.0172 | Cycle: 0.1365 | Identity: 0.0916
2026-10-06 11:15:15,527 | Epoch [144/150] Step [5000/5630] | G: 2.4766 | D_A: 0.1593 | D_B: 0.0173 | Cycle: 0.0710 | Identity: 0.0404
2026-10-06 11:15:51,623 | Epoch [144/150] Step [5500/5630] | G: 2.3126 | D_A: 0.1140 | D_B: 0.0154 | Cycle: 0.0637 | Identity: 0.0483
2026-10-06 11:16:01,021 | Epoch [144/150] done in 6.79 min | G: 2.6915 | D_A: 0.1655 | D_B: 0.0231 | Cycle: 0.0977 | Identity: 0.0621 | lr_G: 0.0000140
2026-10-06 11:16:02,447 | Epoch [145/150] Step [1/5630] | G: 2.9656 | D_A: 0.2513 | D_B: 0.0205 | Cycle: 0.1287 | Identity: 0.0756
2026-10-06 11:16:38,539 | Epoch [145/150] Step [500/5630] | G: 2.7773 | D_A: 0.1017 | D_B: 0.0179 | Cycle: 0.0895 | Identity: 0.0609
2026-10-06 11:17:14,715 | Epoch [145/150] Step [1000/5630] | G: 2.3029 | D_A: 0.2963 | D_B: 0.0109 | Cycle: 0.0794 | Identity: 0.0439
2026-10-06 11:17:50,924 | Epoch [145/150] Step [1500/5630] | G: 3.1680 | D_A: 0.1309 | D_B: 0.0202 | Cycle: 0.1256 | Identity: 0.0896
2026-10-06 11:18:27,058 | Epoch [145/150] Step [2000/5630] | G: 2.7966 | D_A: 0.1885 | D_B: 0.0145 | Cycle: 0.0889 | Identity: 0.0525
2026-10-06 11:19:03,203 | Epoch [145/150] Step [2500/5630] | G: 2.4332 | D_A: 0.0967 | D_B: 0.0160 | Cycle: 0.0850 | Identity: 0.0722
2026-10-06 11:19:39,304 | Epoch [145/150] Step [3000/5630] | G: 1.9250 | D_A: 0.2164 | D_B: 0.0114 | Cycle: 0.0678 | Identity: 0.0384
2026-10-06 11:20:15,421 | Epoch [145/150] Step [3500/5630] | G: 3.0335 | D_A: 0.1100 | D_B: 0.0131 | Cycle: 0.1081 | Identity: 0.0792
2026-10-06 11:20:51,568 | Epoch [145/150] Step [4000/5630] | G: 2.4362 | D_A: 0.2107 | D_B: 0.0209 | Cycle: 0.0767 | Identity: 0.0451
2026-10-06 11:21:27,647 | Epoch [145/150] Step [4500/5630] | G: 2.5840 | D_A: 0.1240 | D_B: 0.0307 | Cycle: 0.0688 | Identity: 0.0434
2026-10-06 11:22:03,753 | Epoch [145/150] Step [5000/5630] | G: 2.6196 | D_A: 0.1105 | D_B: 0.0176 | Cycle: 0.0986 | Identity: 0.0591
2026-10-06 11:22:39,897 | Epoch [145/150] Step [5500/5630] | G: 2.3940 | D_A: 0.1666 | D_B: 0.0630 | Cycle: 0.1122 | Identity: 0.0601
2026-10-06 11:22:49,281 | Epoch [145/150] done in 6.78 min | G: 2.6917 | D_A: 0.1652 | D_B: 0.0228 | Cycle: 0.0977 | Identity: 0.0621 | lr_G: 0.0000120
2026-10-06 11:22:52,653 | Epoch [145/150] local FID: 96.7257
2026-10-06 11:22:54,292 | Epoch [146/150] Step [1/5630] | G: 2.5275 | D_A: 0.2650 | D_B: 0.0158 | Cycle: 0.0884 | Identity: 0.0512
2026-10-06 11:23:30,466 | Epoch [146/150] Step [500/5630] | G: 2.9818 | D_A: 0.1248 | D_B: 0.0209 | Cycle: 0.1129 | Identity: 0.0686
2026-10-06 11:24:06,602 | Epoch [146/150] Step [1000/5630] | G: 2.5297 | D_A: 0.2381 | D_B: 0.0100 | Cycle: 0.0926 | Identity: 0.0521
2026-10-06 11:24:42,670 | Epoch [146/150] Step [1500/5630] | G: 2.9578 | D_A: 0.2089 | D_B: 0.0260 | Cycle: 0.1122 | Identity: 0.0676
2026-10-06 11:25:18,839 | Epoch [146/150] Step [2000/5630] | G: 2.9057 | D_A: 0.1277 | D_B: 0.0145 | Cycle: 0.0980 | Identity: 0.0561
2026-10-06 11:25:54,910 | Epoch [146/150] Step [2500/5630] | G: 2.4364 | D_A: 0.2180 | D_B: 0.0126 | Cycle: 0.0768 | Identity: 0.0498
2026-10-06 11:26:30,989 | Epoch [146/150] Step [3000/5630] | G: 2.6842 | D_A: 0.2703 | D_B: 0.0175 | Cycle: 0.0950 | Identity: 0.0570
2026-10-06 11:27:07,067 | Epoch [146/150] Step [3500/5630] | G: 2.5983 | D_A: 0.1219 | D_B: 0.0156 | Cycle: 0.0881 | Identity: 0.0595
2026-10-06 11:27:43,159 | Epoch [146/150] Step [4000/5630] | G: 2.9177 | D_A: 0.1187 | D_B: 0.0161 | Cycle: 0.1038 | Identity: 0.0693
2026-10-06 11:28:19,282 | Epoch [146/150] Step [4500/5630] | G: 2.4594 | D_A: 0.2679 | D_B: 0.0123 | Cycle: 0.0762 | Identity: 0.0356
2026-10-06 11:28:55,327 | Epoch [146/150] Step [5000/5630] | G: 2.9411 | D_A: 0.1564 | D_B: 0.0148 | Cycle: 0.1130 | Identity: 0.0858
2026-10-06 11:29:31,411 | Epoch [146/150] Step [5500/5630] | G: 2.4685 | D_A: 0.1310 | D_B: 0.0205 | Cycle: 0.0947 | Identity: 0.0612
2026-10-06 11:29:40,793 | Epoch [146/150] done in 6.78 min | G: 2.6901 | D_A: 0.1649 | D_B: 0.0228 | Cycle: 0.0976 | Identity: 0.0619 | lr_G: 0.0000100
2026-10-06 11:29:42,286 | Epoch [147/150] Step [1/5630] | G: 2.7823 | D_A: 0.1596 | D_B: 0.0199 | Cycle: 0.1071 | Identity: 0.0574
2026-10-06 11:30:18,340 | Epoch [147/150] Step [500/5630] | G: 2.9332 | D_A: 0.1415 | D_B: 0.0215 | Cycle: 0.1117 | Identity: 0.0645
2026-10-06 11:30:54,745 | Epoch [147/150] Step [1000/5630] | G: 2.6425 | D_A: 0.1330 | D_B: 0.0546 | Cycle: 0.0861 | Identity: 0.0557
2026-10-06 11:31:30,877 | Epoch [147/150] Step [1500/5630] | G: 1.9859 | D_A: 0.1249 | D_B: 0.0397 | Cycle: 0.0733 | Identity: 0.0426
2026-10-06 11:32:07,037 | Epoch [147/150] Step [2000/5630] | G: 2.1634 | D_A: 0.1680 | D_B: 0.0543 | Cycle: 0.0858 | Identity: 0.0471
2026-10-06 11:32:43,354 | Epoch [147/150] Step [2500/5630] | G: 3.0391 | D_A: 0.1986 | D_B: 0.0178 | Cycle: 0.1004 | Identity: 0.0686
2026-10-06 11:33:19,477 | Epoch [147/150] Step [3000/5630] | G: 3.1181 | D_A: 0.2401 | D_B: 0.0159 | Cycle: 0.1252 | Identity: 0.0775
2026-10-06 11:33:55,563 | Epoch [147/150] Step [3500/5630] | G: 2.4218 | D_A: 0.2693 | D_B: 0.0203 | Cycle: 0.0949 | Identity: 0.0512
2026-10-06 11:34:31,814 | Epoch [147/150] Step [4000/5630] | G: 2.3030 | D_A: 0.0852 | D_B: 0.0485 | Cycle: 0.0768 | Identity: 0.0949
2026-10-06 11:35:07,926 | Epoch [147/150] Step [4500/5630] | G: 2.0138 | D_A: 0.2375 | D_B: 0.0181 | Cycle: 0.0667 | Identity: 0.0433
2026-10-06 11:35:43,984 | Epoch [147/150] Step [5000/5630] | G: 2.5970 | D_A: 0.2084 | D_B: 0.0157 | Cycle: 0.0889 | Identity: 0.0515
2026-10-06 11:36:20,071 | Epoch [147/150] Step [5500/5630] | G: 2.6351 | D_A: 0.1016 | D_B: 0.0188 | Cycle: 0.0754 | Identity: 0.0456
2026-10-06 11:36:29,468 | Epoch [147/150] done in 6.79 min | G: 2.6800 | D_A: 0.1652 | D_B: 0.0223 | Cycle: 0.0970 | Identity: 0.0615 | lr_G: 0.0000080
2026-10-06 11:36:30,986 | Epoch [148/150] Step [1/5630] | G: 3.2457 | D_A: 0.2064 | D_B: 0.0156 | Cycle: 0.1324 | Identity: 0.0877
2026-10-06 11:37:07,186 | Epoch [148/150] Step [500/5630] | G: 2.8378 | D_A: 0.1178 | D_B: 0.0150 | Cycle: 0.0874 | Identity: 0.0470
2026-10-06 11:37:43,465 | Epoch [148/150] Step [1000/5630] | G: 2.4351 | D_A: 0.1217 | D_B: 0.0163 | Cycle: 0.0866 | Identity: 0.0498
2026-10-06 11:38:19,641 | Epoch [148/150] Step [1500/5630] | G: 2.5820 | D_A: 0.2043 | D_B: 0.0128 | Cycle: 0.1045 | Identity: 0.0691
2026-10-06 11:38:55,710 | Epoch [148/150] Step [2000/5630] | G: 2.7307 | D_A: 0.1782 | D_B: 0.0179 | Cycle: 0.1018 | Identity: 0.0534
2026-10-06 11:39:31,793 | Epoch [148/150] Step [2500/5630] | G: 2.3423 | D_A: 0.2557 | D_B: 0.0206 | Cycle: 0.0782 | Identity: 0.0502
2026-10-06 11:40:07,931 | Epoch [148/150] Step [3000/5630] | G: 2.6387 | D_A: 0.1757 | D_B: 0.0153 | Cycle: 0.0962 | Identity: 0.0533
2026-10-06 11:40:43,999 | Epoch [148/150] Step [3500/5630] | G: 2.9094 | D_A: 0.2887 | D_B: 0.0098 | Cycle: 0.1146 | Identity: 0.0722
2026-10-06 11:41:20,100 | Epoch [148/150] Step [4000/5630] | G: 2.5841 | D_A: 0.1913 | D_B: 0.0090 | Cycle: 0.0689 | Identity: 0.0827
2026-10-06 11:41:56,190 | Epoch [148/150] Step [4500/5630] | G: 2.7135 | D_A: 0.2310 | D_B: 0.0170 | Cycle: 0.0805 | Identity: 0.0470
2026-10-06 11:42:32,217 | Epoch [148/150] Step [5000/5630] | G: 2.6655 | D_A: 0.1797 | D_B: 0.0127 | Cycle: 0.0836 | Identity: 0.0452
2026-10-06 11:43:08,268 | Epoch [148/150] Step [5500/5630] | G: 2.7803 | D_A: 0.1837 | D_B: 0.0169 | Cycle: 0.1050 | Identity: 0.0572
2026-10-06 11:43:17,656 | Epoch [148/150] done in 6.78 min | G: 2.6829 | D_A: 0.1644 | D_B: 0.0220 | Cycle: 0.0970 | Identity: 0.0616 | lr_G: 0.0000060
2026-10-06 11:43:19,121 | Epoch [149/150] Step [1/5630] | G: 2.9898 | D_A: 0.1194 | D_B: 0.0192 | Cycle: 0.1086 | Identity: 0.0688
2026-10-06 11:43:55,100 | Epoch [149/150] Step [500/5630] | G: 2.5860 | D_A: 0.1012 | D_B: 0.0143 | Cycle: 0.0859 | Identity: 0.0485
2026-10-06 11:44:31,215 | Epoch [149/150] Step [1000/5630] | G: 2.8666 | D_A: 0.1880 | D_B: 0.0119 | Cycle: 0.1064 | Identity: 0.0589
2026-10-06 11:45:07,334 | Epoch [149/150] Step [1500/5630] | G: 2.6180 | D_A: 0.1121 | D_B: 0.0154 | Cycle: 0.0804 | Identity: 0.0445
2026-10-06 11:45:43,405 | Epoch [149/150] Step [2000/5630] | G: 2.1474 | D_A: 0.0818 | D_B: 0.0497 | Cycle: 0.0749 | Identity: 0.0602
2026-10-06 11:46:19,499 | Epoch [149/150] Step [2500/5630] | G: 2.4492 | D_A: 0.0978 | D_B: 0.0135 | Cycle: 0.0733 | Identity: 0.0426
2026-10-06 11:46:55,587 | Epoch [149/150] Step [3000/5630] | G: 2.7316 | D_A: 0.0877 | D_B: 0.0149 | Cycle: 0.0965 | Identity: 0.0561
2026-10-06 11:47:31,722 | Epoch [149/150] Step [3500/5630] | G: 2.5587 | D_A: 0.1226 | D_B: 0.0193 | Cycle: 0.0939 | Identity: 0.0788
2026-10-06 11:48:08,419 | Epoch [149/150] Step [4000/5630] | G: 2.5550 | D_A: 0.2235 | D_B: 0.0152 | Cycle: 0.0806 | Identity: 0.0505
2026-10-06 11:48:44,763 | Epoch [149/150] Step [4500/5630] | G: 2.3347 | D_A: 0.1250 | D_B: 0.0128 | Cycle: 0.0649 | Identity: 0.0504
2026-10-06 11:49:21,192 | Epoch [149/150] Step [5000/5630] | G: 2.2727 | D_A: 0.2418 | D_B: 0.0153 | Cycle: 0.0909 | Identity: 0.0607
2026-10-06 11:49:57,584 | Epoch [149/150] Step [5500/5630] | G: 2.6758 | D_A: 0.1064 | D_B: 0.0267 | Cycle: 0.0984 | Identity: 0.0502
2026-10-06 11:50:06,976 | Epoch [149/150] done in 6.80 min | G: 2.6742 | D_A: 0.1642 | D_B: 0.0220 | Cycle: 0.0965 | Identity: 0.0613 | lr_G: 0.0000040
2026-10-06 11:50:09,204 | Epoch [150/150] Step [1/5630] | G: 3.1469 | D_A: 0.1583 | D_B: 0.1470 | Cycle: 0.1334 | Identity: 0.0822
2026-10-06 11:50:45,277 | Epoch [150/150] Step [500/5630] | G: 2.5287 | D_A: 0.1205 | D_B: 0.0229 | Cycle: 0.0978 | Identity: 0.0658
2026-10-06 11:51:21,324 | Epoch [150/150] Step [1000/5630] | G: 2.7112 | D_A: 0.1402 | D_B: 0.0108 | Cycle: 0.0969 | Identity: 0.0547
2026-10-06 11:51:57,492 | Epoch [150/150] Step [1500/5630] | G: 2.9347 | D_A: 0.2115 | D_B: 0.0132 | Cycle: 0.1222 | Identity: 0.0716
2026-10-06 11:52:33,560 | Epoch [150/150] Step [2000/5630] | G: 2.8833 | D_A: 0.1416 | D_B: 0.0109 | Cycle: 0.1043 | Identity: 0.0679
2026-10-06 11:53:09,644 | Epoch [150/150] Step [2500/5630] | G: 2.3611 | D_A: 0.1038 | D_B: 0.0225 | Cycle: 0.0873 | Identity: 0.0525
2026-10-06 11:53:45,734 | Epoch [150/150] Step [3000/5630] | G: 3.2839 | D_A: 0.0806 | D_B: 0.0289 | Cycle: 0.1208 | Identity: 0.0804
2026-10-06 11:54:21,875 | Epoch [150/150] Step [3500/5630] | G: 2.8857 | D_A: 0.1999 | D_B: 0.0190 | Cycle: 0.1061 | Identity: 0.0543
2026-10-06 11:54:58,197 | Epoch [150/150] Step [4000/5630] | G: 2.4863 | D_A: 0.1142 | D_B: 0.0129 | Cycle: 0.0883 | Identity: 0.0416
2026-10-06 11:55:34,227 | Epoch [150/150] Step [4500/5630] | G: 2.6655 | D_A: 0.2764 | D_B: 0.0131 | Cycle: 0.1012 | Identity: 0.0567
2026-10-06 11:56:10,499 | Epoch [150/150] Step [5000/5630] | G: 2.8865 | D_A: 0.1555 | D_B: 0.0131 | Cycle: 0.0891 | Identity: 0.0571
2026-10-06 11:56:46,590 | Epoch [150/150] Step [5500/5630] | G: 2.4325 | D_A: 0.1121 | D_B: 0.0146 | Cycle: 0.0915 | Identity: 0.0490
2026-10-06 11:56:55,986 | Epoch [150/150] done in 6.79 min | G: 2.6744 | D_A: 0.1629 | D_B: 0.0217 | Cycle: 0.0965 | Identity: 0.0612 | lr_G: 0.0000020
2026-10-06 11:56:59,445 | Epoch [150/150] local FID: 96.2212
2026-10-06 11:57:01,572 | Training finished in 1030.05 minutes.
2026-10-06 11:57:01,572 | Best local FID: 94.7429
2026-10-06 11:57:01,572 | Best checkpoint: runs/v3_bs1/checkpoints/best_fid.pth
